-- --------------------------------------------------------
-- Host:                         127.0.0.1
-- Server version:               10.5.10-MariaDB-log - mariadb.org binary distribution
-- Server OS:                    Win64
-- HeidiSQL Version:             11.3.0.6295
-- --------------------------------------------------------

/*!40101 SET @OLD_CHARACTER_SET_CLIENT=@@CHARACTER_SET_CLIENT */;
/*!40101 SET NAMES utf8 */;
/*!50503 SET NAMES utf8mb4 */;
/*!40014 SET @OLD_FOREIGN_KEY_CHECKS=@@FOREIGN_KEY_CHECKS, FOREIGN_KEY_CHECKS=0 */;
/*!40101 SET @OLD_SQL_MODE=@@SQL_MODE, SQL_MODE='NO_AUTO_VALUE_ON_ZERO' */;
/*!40111 SET @OLD_SQL_NOTES=@@SQL_NOTES, SQL_NOTES=0 */;


-- Dumping database structure for proxis_db
DROP DATABASE IF EXISTS `proxis_db`;
CREATE DATABASE IF NOT EXISTS `proxis_db` /*!40100 DEFAULT CHARACTER SET utf8 */;
USE `proxis_db`;

-- Dumping structure for table proxis_db.menu
DROP TABLE IF EXISTS `menu`;
CREATE TABLE IF NOT EXISTS `menu` (
  `MenuId` int(11) NOT NULL AUTO_INCREMENT,
  `Controller` varchar(50) NOT NULL DEFAULT '0',
  `MenuText` varchar(50) DEFAULT NULL,
  `MenuIcon` varchar(100) DEFAULT NULL,
  `MenuSort` int(2) DEFAULT NULL,
  `Parent` int(11) DEFAULT NULL,
  `Active` int(11) DEFAULT NULL,
  PRIMARY KEY (`MenuId`)
) ENGINE=InnoDB AUTO_INCREMENT=36 DEFAULT CHARSET=utf8;

-- Dumping data for table proxis_db.menu: ~10 rows (approximately)
DELETE FROM `menu`;
/*!40000 ALTER TABLE `menu` DISABLE KEYS */;
INSERT INTO `menu` (`MenuId`, `Controller`, `MenuText`, `MenuIcon`, `MenuSort`, `Parent`, `Active`) VALUES
	(1, 'Dashboard', 'Beranda', 'glyphicon glyphicon-home', 1, NULL, 1),
	(2, 'Document', 'Dokumen', 'glyphicon glyphicon-circle-arrow-right', 7, 13, 1),
	(3, 'Jabatan', 'Jabatan', 'glyphicon glyphicon-circle-arrow-right', 8, NULL, 1),
	(4, '#', 'Pengaturan', 'glyphicon glyphicon-wrench', 10, NULL, 1),
	(5, 'Setting/Verifycator', 'Verifikator', 'glyphicon glyphicon-circle-arrow-right', 1, 4, 0),
	(6, 'Users', 'Pengguna', 'glyphicon glyphicon-user', 2, 4, 1),
	(7, 'UserRoles', 'Hak Akses', 'glyphicon glyphicon-user', 3, 4, 1),
	(8, 'BudgetRequest', 'Pengajuan Dana', 'glyphicon glyphicon-circle-arrow-right', 3, NULL, 1),
	(9, 'ProofSpend', 'Bukti Pengeluaran Kas', 'glyphicon glyphicon-circle-arrow-right', 4, NULL, 1),
	(10, 'Refund', 'Pengembalian Dana', 'glyphicon glyphicon-circle-arrow-right', 5, NULL, 1);
/*!40000 ALTER TABLE `menu` ENABLE KEYS */;

-- Dumping structure for table proxis_db.menuaccess
DROP TABLE IF EXISTS `menuaccess`;
CREATE TABLE IF NOT EXISTS `menuaccess` (
  `MenuAccessId` int(2) NOT NULL AUTO_INCREMENT,
  `RoleId` int(5) DEFAULT NULL,
  `MenuId` int(2) DEFAULT NULL,
  `Read` int(1) DEFAULT NULL,
  `Write` int(1) DEFAULT NULL,
  `Update` int(1) DEFAULT NULL,
  `Delete` int(1) DEFAULT NULL,
  PRIMARY KEY (`MenuAccessId`)
) ENGINE=InnoDB AUTO_INCREMENT=56 DEFAULT CHARSET=utf8;

-- Dumping data for table proxis_db.menuaccess: ~40 rows (approximately)
DELETE FROM `menuaccess`;
/*!40000 ALTER TABLE `menuaccess` DISABLE KEYS */;
INSERT INTO `menuaccess` (`MenuAccessId`, `RoleId`, `MenuId`, `Read`, `Write`, `Update`, `Delete`) VALUES
	(1, 1, 1, 1, 1, 1, 1),
	(2, 1, 2, 1, 1, 1, 1),
	(3, 1, 3, 1, 1, 1, 1),
	(4, 1, 4, 1, 1, 1, 1),
	(5, 1, 5, 1, 1, 1, 1),
	(6, 1, 6, 1, 1, 1, 1),
	(7, 1, 7, 1, 1, 1, 1),
	(8, 1, 8, 1, 1, 1, 1),
	(9, 1, 9, 1, 1, 1, 1),
	(10, 1, 10, 1, 1, 1, 1),
	(16, 2, 1, 1, 1, 1, 1),
	(17, 2, 2, 1, 1, 1, 1),
	(18, 2, 3, 1, 1, 1, 1),
	(19, 2, 4, 0, 0, 0, 0),
	(20, 2, 5, 1, 1, 1, 1),
	(21, 2, 6, 0, 0, 0, 0),
	(22, 2, 7, 0, 0, 0, 0),
	(23, 2, 8, 1, 1, 1, 1),
	(24, 2, 9, 1, 1, 1, 1),
	(25, 2, 10, 1, 1, 1, 1),
	(31, 3, 1, 1, 1, 1, 1),
	(32, 3, 2, 1, 1, 1, 1),
	(33, 3, 3, 1, 1, 1, 1),
	(34, 3, 4, 1, 1, 1, 1),
	(35, 3, 5, 1, 1, 1, 1),
	(36, 3, 6, 1, 1, 1, 1),
	(37, 3, 7, 1, 1, 1, 1),
	(38, 3, 8, 1, 1, 1, 1),
	(39, 3, 9, 1, 1, 1, 1),
	(40, 3, 10, 1, 1, 1, 1),
	(46, 4, 1, 1, 1, 1, 1),
	(47, 4, 2, 1, 1, 1, 1),
	(48, 4, 3, 1, 1, 1, 1),
	(49, 4, 4, 1, 1, 1, 1),
	(50, 4, 5, 1, 1, 1, 1),
	(51, 4, 6, 1, 1, 1, 1),
	(52, 4, 7, 1, 1, 1, 1),
	(53, 4, 8, 1, 1, 1, 1),
	(54, 4, 9, 1, 1, 1, 1),
	(55, 4, 10, 1, 1, 1, 1);
/*!40000 ALTER TABLE `menuaccess` ENABLE KEYS */;

-- Dumping structure for table proxis_db.mstjabatan
DROP TABLE IF EXISTS `mstjabatan`;
CREATE TABLE IF NOT EXISTS `mstjabatan` (
  `JabatanId` int(10) NOT NULL AUTO_INCREMENT,
  `JabatanCode` varchar(20) NOT NULL,
  `JabatanName` varchar(50) NOT NULL,
  `Description` text NOT NULL,
  `CreatedDate` datetime DEFAULT NULL,
  `CreatedByUserId` int(10) DEFAULT NULL,
  `LastChangedDate` datetime DEFAULT NULL,
  `LastChangedByUserId` int(10) DEFAULT NULL,
  `DeletedDate` datetime DEFAULT NULL,
  `DeletedUserId` int(11) DEFAULT NULL,
  PRIMARY KEY (`JabatanId`)
) ENGINE=InnoDB AUTO_INCREMENT=102 DEFAULT CHARSET=utf8;

-- Dumping data for table proxis_db.mstjabatan: ~11 rows (approximately)
DELETE FROM `mstjabatan`;
/*!40000 ALTER TABLE `mstjabatan` DISABLE KEYS */;
INSERT INTO `mstjabatan` (`JabatanId`, `JabatanCode`, `JabatanName`, `Description`, `CreatedDate`, `CreatedByUserId`, `LastChangedDate`, `LastChangedByUserId`, `DeletedDate`, `DeletedUserId`) VALUES
	(1, 'POP', 'Pengendali Operasional Proyek', 'Pengendali Operasional Proyek', NULL, NULL, '2017-06-01 16:45:35', 1, '2021-07-16 21:35:31', NULL),
	(2, 'SEM', 'Site Engineer Manager', 'Site Engineer Manager', NULL, NULL, '2017-06-01 16:45:24', 1, '2021-07-16 21:35:27', NULL),
	(6, 'MO', 'Manager Operational', 'Test', '2017-04-01 23:37:32', 1, NULL, NULL, '2017-04-01 23:45:31', NULL),
	(7, 'SAK', 'Site Accountant', 'Site Accountant', '2017-05-23 20:52:14', 1, '2017-06-01 16:44:55', 1, '2021-07-16 21:35:23', NULL),
	(8, 'CM', 'Construction Manager', 'Construction Manager', '2017-05-23 20:55:52', 1, '2017-06-01 16:44:39', 1, '2021-07-16 21:35:16', NULL),
	(9, 'LOG', 'Logistik', 'Logistik', '2017-05-23 20:58:59', 1, '2017-06-01 16:44:13', 1, '2021-07-16 21:35:08', NULL),
	(10, 'DR', 'Direktur', 'Direktur', '2017-05-23 20:59:37', 1, '2021-07-16 21:34:52', 1, NULL, NULL),
	(11, 'FA', 'Finance accounting Manager', 'Divisi keuangan', '2017-05-23 21:00:05', 1, '2021-07-16 21:34:22', 1, NULL, NULL),
	(99, 'PCR', 'Procurement Manager', 'Divisi Pengadaan', NULL, NULL, '2021-07-16 21:33:33', 1, NULL, NULL),
	(100, 'PM', 'Project Manager', 'Project Manager', NULL, NULL, '2021-07-16 21:32:55', 1, NULL, NULL),
	(101, 'Staff', 'Staff', 'Lapangan', '2017-06-20 21:58:49', 1, '2021-07-16 21:32:45', 1, NULL, NULL);
/*!40000 ALTER TABLE `mstjabatan` ENABLE KEYS */;

-- Dumping structure for table proxis_db.roles
DROP TABLE IF EXISTS `roles`;
CREATE TABLE IF NOT EXISTS `roles` (
  `RoleId` int(2) NOT NULL AUTO_INCREMENT,
  `RoleName` varchar(20) DEFAULT NULL,
  `RoleDesc` text DEFAULT NULL,
  `Active` int(1) DEFAULT NULL,
  PRIMARY KEY (`RoleId`)
) ENGINE=InnoDB AUTO_INCREMENT=12 DEFAULT CHARSET=latin1;

-- Dumping data for table proxis_db.roles: ~4 rows (approximately)
DELETE FROM `roles`;
/*!40000 ALTER TABLE `roles` DISABLE KEYS */;
INSERT INTO `roles` (`RoleId`, `RoleName`, `RoleDesc`, `Active`) VALUES
	(1, 'ADMIN', 'Seluruh Menu', 1),
	(2, 'Pegawai', 'staf', 1),
	(3, 'PROCUREMENT', 'Procurement', 0),
	(4, 'FINANCE', 'Keuangan', 0);
/*!40000 ALTER TABLE `roles` ENABLE KEYS */;

-- Dumping structure for table proxis_db.seqbudgetrequest
DROP TABLE IF EXISTS `seqbudgetrequest`;
CREATE TABLE IF NOT EXISTS `seqbudgetrequest` (
  `BudgetRequestId` varchar(50) DEFAULT NULL,
  `Sort` int(11) DEFAULT NULL,
  `Quantity` int(11) DEFAULT NULL,
  `Spesification` text DEFAULT NULL,
  `Price` double DEFAULT NULL,
  `Amount` double DEFAULT NULL
) ENGINE=InnoDB DEFAULT CHARSET=utf8;

-- Dumping data for table proxis_db.seqbudgetrequest: ~3 rows (approximately)
DELETE FROM `seqbudgetrequest`;
/*!40000 ALTER TABLE `seqbudgetrequest` DISABLE KEYS */;
INSERT INTO `seqbudgetrequest` (`BudgetRequestId`, `Sort`, `Quantity`, `Spesification`, `Price`, `Amount`) VALUES
	('60f19fcad995260f19fcad9954', 1, 2, 'tiket', 2500000, 5000000),
	('60f19fcad995260f19fcad9954', 2, 3, 'penginapan', 350000, 1050000),
	('60f19fcad995260f19fcad9954', 3, 3, 'uang makan', 75000, 225000);
/*!40000 ALTER TABLE `seqbudgetrequest` ENABLE KEYS */;

-- Dumping structure for table proxis_db.seqproofspend
DROP TABLE IF EXISTS `seqproofspend`;
CREATE TABLE IF NOT EXISTS `seqproofspend` (
  `ProofSpendId` varchar(50) DEFAULT NULL,
  `Sort` int(11) DEFAULT NULL,
  `AccountCode` varchar(150) DEFAULT NULL,
  `Spesification` text DEFAULT NULL,
  `Amount` double DEFAULT NULL
) ENGINE=InnoDB DEFAULT CHARSET=utf8;

-- Dumping data for table proxis_db.seqproofspend: ~10 rows (approximately)
DELETE FROM `seqproofspend`;
/*!40000 ALTER TABLE `seqproofspend` DISABLE KEYS */;
INSERT INTO `seqproofspend` (`ProofSpendId`, `Sort`, `AccountCode`, `Spesification`, `Amount`) VALUES
	('60f1a3774b0c060f1a3774b0c3', 1, NULL, 'transport', 200000),
	('60f1a3774b0c060f1a3774b0c3', 2, NULL, 'penginapan', 250000),
	('60f1a3774b0c060f1a3774b0c3', 3, NULL, 'uang makan', 300000),
	('60f1a3774b0c060f1a3774b0c3', 4, NULL, 'tiket pesawat', 2000000),
	('60f1a53787fbb60f1a53787fbd', 1, NULL, 'tiket', 2000000),
	('60f1a53787fbb60f1a53787fbd', 2, NULL, 'penginapan', 300000),
	('60f1a53787fbb60f1a53787fbd', 3, NULL, 'uang makan', 1000000),
	('60f1a53787fbb60f1a53787fbd', 4, NULL, 'transport', 500000),
	('60f1a6718b7f560f1a6718b7f7', 1, NULL, 'tiket', 2000000),
	('60f1a6718b7f560f1a6718b7f7', 2, NULL, 'hotel', 500000);
/*!40000 ALTER TABLE `seqproofspend` ENABLE KEYS */;

-- Dumping structure for table proxis_db.seqrefund
DROP TABLE IF EXISTS `seqrefund`;
CREATE TABLE IF NOT EXISTS `seqrefund` (
  `RefundId` varchar(50) DEFAULT NULL,
  `Sort` int(11) DEFAULT NULL,
  `Quantity` int(11) DEFAULT NULL,
  `Spesification` text DEFAULT NULL,
  `Price` double DEFAULT NULL,
  `Amount` double DEFAULT NULL
) ENGINE=InnoDB DEFAULT CHARSET=utf8;

-- Dumping data for table proxis_db.seqrefund: ~1 rows (approximately)
DELETE FROM `seqrefund`;
/*!40000 ALTER TABLE `seqrefund` DISABLE KEYS */;
INSERT INTO `seqrefund` (`RefundId`, `Sort`, `Quantity`, `Spesification`, `Price`, `Amount`) VALUES
	('60f1ab1eb93d360f1ab1eb93d6', 1, 1, 'sisa dana', 500000, 500000);
/*!40000 ALTER TABLE `seqrefund` ENABLE KEYS */;

-- Dumping structure for table proxis_db.trnbudgetrequest
DROP TABLE IF EXISTS `trnbudgetrequest`;
CREATE TABLE IF NOT EXISTS `trnbudgetrequest` (
  `BudgetRequestId` varchar(50) NOT NULL DEFAULT '0',
  `BudgetRequestNo` varchar(50) NOT NULL DEFAULT '0',
  `NoUrut` varchar(50) DEFAULT NULL,
  `BudgetRequestDate` date DEFAULT NULL,
  `TotalAmount` double DEFAULT NULL,
  `Classification` varchar(150) DEFAULT NULL,
  `CreatorTtd` text DEFAULT NULL,
  `Recipient` varchar(50) DEFAULT NULL,
  `RecipientTtd` text DEFAULT NULL,
  `Approval1` varchar(50) DEFAULT NULL,
  `Approval1Status` int(1) DEFAULT 0,
  `Approval1Date` datetime DEFAULT NULL,
  `Approval1Note` text DEFAULT NULL,
  `Approval1Ttd` text DEFAULT NULL,
  `Approval2` varchar(50) DEFAULT NULL,
  `Approval2Status` int(1) DEFAULT 0,
  `Approval2Date` datetime DEFAULT NULL,
  `Approval2Note` text DEFAULT NULL,
  `Approval2Ttd` text DEFAULT NULL,
  `LockDate` datetime DEFAULT NULL,
  `LockByUserId` varchar(50) DEFAULT NULL,
  `CreatedDate` datetime DEFAULT NULL,
  `CreatedByUserId` varchar(30) DEFAULT NULL,
  `LastChangedDate` datetime DEFAULT NULL,
  `LastChangedByUserId` varchar(30) DEFAULT NULL,
  `DeletedDate` datetime DEFAULT NULL,
  `DeletedUserId` varchar(30) DEFAULT NULL,
  PRIMARY KEY (`BudgetRequestId`) USING BTREE
) ENGINE=InnoDB DEFAULT CHARSET=utf8;

-- Dumping data for table proxis_db.trnbudgetrequest: ~1 rows (approximately)
DELETE FROM `trnbudgetrequest`;
/*!40000 ALTER TABLE `trnbudgetrequest` DISABLE KEYS */;
INSERT INTO `trnbudgetrequest` (`BudgetRequestId`, `BudgetRequestNo`, `NoUrut`, `BudgetRequestDate`, `TotalAmount`, `Classification`, `CreatorTtd`, `Recipient`, `RecipientTtd`, `Approval1`, `Approval1Status`, `Approval1Date`, `Approval1Note`, `Approval1Ttd`, `Approval2`, `Approval2Status`, `Approval2Date`, `Approval2Note`, `Approval2Ttd`, `LockDate`, `LockByUserId`, `CreatedDate`, `CreatedByUserId`, `LastChangedDate`, `LastChangedByUserId`, `DeletedDate`, `DeletedUserId`) VALUES
	('60f19fcad995260f19fcad9954', 'CA0001/VII/2021', '0001', '2021-07-04', 6275000, 'Murata', 'data:image/png;base64,iVBORw0KGgoAAAANSUhEUgAAAakAAADGCAYAAABo+X9gAAAPvUlEQVR4Xu3dd8g1WX0H8O/GGETcqBGFLCL6h/9Y0LAqlmDBiL1gr6gIGgtmjRsjCG4ExcQkFuwFXbtY1q6Lig2jKCqi0RAJi20jZJVViWAIqPzgXh3Gp9znzj33Oc/MZ2Bh933nnPmdzznLl5k75ZzYCBAgQIBApwLndFqXsggQIECAQISURUCAAAEC3QoIqW6nRmEECBAgIKSsAQIECBDoVkBIdTs1CiNAgAABIWUNECBAgEC3AkKq26lRGAECBAgIKWuAAAECBLoVEFLdTo3CCBAgQEBIWQMECBAg0K2AkOp2ahRGgAABAkLKGiBAgACBbgWEVLdTozACBAgQEFLWAAECBAh0KyCkup0ahREgQICAkLIGCBAgQKBbASHV7dQojAABAgSElDVAgAABAt0KCKlup0ZhBAgQICCkrAECBAgQ6FZASHU7NQojQIAAASFlDRAgQIBAtwJCqtupURgBAgQICClrgAABAgS6FRBS3U6NwggQIEBASFkDBAgQINCtgJDqdmoURoAAAQJCyhogQIAAgW4FhFS3U6MwAgQIEBBS1gABAgQIdCsgpLqdGoURIECAgJCyBggQIECgWwEh1e3UKIwAAQIEhJQ1QIAAAQLdCgipbqdGYQQIECAgpKwBAgQIEOhWQEh1OzUKI0CAAAEhZQ0QIECAQLcCQqrbqVEYAQIECAgpa4AAAQIEuhUQUt1OjcIIECBAQEhZAwQIECDQrYCQ6nZqFEaAAAECQsoaIECAAIFuBYRUt1OjMAIECBAQUtYAAQIECHQrIKS6nRqFESBAgICQsgYIECBAoFsBIdXt1CiMAAECBISUNUCAAAEC3QoIqW6nRmEECBAgIKSsAQIECBDoVkBIdTs1CiNAgAABIWUNECBAgEC3AkKq26lRGAECBAgIKWuAAAECBLoVEFLdTo3CCBAgQEBIWQMECBAg0K2AkOp2ahRGgAABAkLKGiBAgACBbgWEVLdTozACBAgQEFLWAAECBAh0KyCkup0ahREgQICAkLIGCBAgQKBbASHV7dQojAABAgSElDVAgAABAt0KCKlup0ZhBAgQICCkrAECBAgQ6FZASHU7NQojQIAAASFlDRAgQIBAtwJCqtupURgBAgQICClrgAABAgS6FRBS3U6NwggQIEBASFkDBAgQINCtgJDqdmoURoAAAQJCyhogQIAAgW4FhFS3U6OwhQvcMMmFSX6d5ItJfpLkUws3MfwFCgipBU66IXcvcEGSi5Jca1TpFUmu1331CiSwQwEhtUNMXRHYkcD3k9zgkL6+nOS2OzqObgh0LyCkup8iBS5M4LpJfpDkakeM+7wkP16Yi+EuVEBILXTiDbtbgcuTVAgdtV2Z5M+6HYHCCOxQQEjtEFNXBCYK/MPqt6hhN79M8t0kfzHq++1JHj3xeJoT6F5ASHU/RQpciMDjkrxpNNZfJXlykouT/HR09vTtJDdbiI1hLlhASC148g29G4HrJ/lOknMHFX02yV0G/z0+y3pdkid1MwKFEGgkIKQaweqWwAkEHpLk3aP9b5Xka4M/+8ckfz/47+clqeCyEZi1gJCa9fQa3BkQuFeSt44u5X0syb1HtdcDvbcb/NmXktz+DIxPiQQmCQipSXwaE5gkUG+V+HSSGw16eU+SvzngFvPx5T5nUpPoNT4rAkLqrMyUOuco8IYkTxgNrM6sPn7AYIXUHFeAMR0rIKSOJbIDgZ0L1BnUe5OcP+q5zqruesjRPpfkjoO/+3ySO+28Mh0S6ExASHU2IcpZhMBBt5vX3XovTPK9QwScSS1iaRjkWEBIWRME9i8wvlPvkiQPOqYMN07sf54csQMBIdXBJChhcQL1m9M9BqOuh3Uff4yCM6nFLRMDLgEhZR0Q2L/Ab0aHfHmSpx9TxkuS1Cc81ttLkzxj/6U7IoH9Cgip/Xo7GoF/SfLMEcMm/x+Oz74uTXJPnATmLrDJ/xxzNzA+AvsU+NbonXvj1x8dVsudk3xm8Jf1yqRqayMwawEhNevpNbjOBOodfT8c1XSTJP+xQZ1+k9oAyS7zExBS85tTI+pX4FlJ/mlQ3jeT3GLDcv8uyYsG+1Zf/7xhW7sROLMCQurMTp3Cz6BA3RzxskHd70vy4A3H8cQkrx3sW29Ar2erbARmLSCkZj29BteZwPiS3SOSvGvDGv86yasH+z40Sb3nz0Zg1gJCatbTa3CdCfxrkr8d1HSSkBo/APya1QcROxuicgjsVkBI7dZTbwSOEqjLdXXZbr29+IDb0Q9rP/5N6m1JHoObwNwFhNTcZ9j4ehKoz8PXe/vWW12uq8t2m2xfSHKHwY6bPAC8Sb/2IdC1gJDqenoUNzOB8YO8m741ot6aXs9XXWPgUZcOL5yZj+EQ+AMBIWVRENifwLbPOj0lySsHZf4iyTX3V7YjETg9ASF1evaOvDyBbb8J9fwkzxlwbXoGtjxhI56dgJCa3ZQaUMcC255JeZC340lVWlsBIdXWV+8EhgLbhpQHea2jxQoIqcVOvYGfgsAnk/zV4LifSnK3Dep4SJJ3D/bzIO8GaHaZh4CQmsc8GsXZENj2TOodSerB3/X2sFFonY3Rq5LAFgJCags0TQhsKbDtjRP/luT2g2PWv39pyxo0I3CmBITUmZouxZ5xgW3OpG6X5IuDcZ/kAeAzzqV8Aj4fbw0Q2KfANiFVb00fflr+Vkm+ts+iHYvAaQo4kzpNfcdemsA2N058JcmtV1D1wcQbLA3NeJctIKSWPf9Gv1+B8ZnUs0cfQRxXM/5k/POSVB89bPXpkHrB7Y2T1L9f0kNRapifgJCa35waUb8C45C6S5LPHlFu3XZet5+vt+P2bz3y6yap4KyahnXVGKo2G4GdCwipnZPqkMChAnUDRN0Isd7en+SBh+z9jCT1KY/19uEk9zsF22sluX+SB6wCqv57uF2R5C+TfPcUanPIBQgIqQVMsiF2IzA+kzrqTeaXJzlvUPk+H+Ctt65XMNVZU4XTePt2ko8luTjJd7rRVcgsBYTULKfVoDoVGL/N/MokdbfeZYN6r736facCYr3t47bzdTDV965ueYjfvyepuw3rk/f/26mxsmYmIKRmNqGG073Ab0YVjm+GGL8C6ZtJHpTkvxqMbH0p74IjgqkO++Yk9eb1bzSoQZcEjhQQUhYIgf0KvD3JI0eHXF/Ke+oqDP549fefSHL3BuXVWdpjV5fyxr8xrQ/3/VUtdUnvZw1q0CWBjQSE1EZMdiKwM4E/X10yG94dVzcfPHf1fr47ro5Ul9Pue8zdfycp6twkj0rypCPOmn6e5AOr35qOuuvwJMe1L4FJAkJqEp/GBLYSOD/JV0ct62u7fzr4szcmecJWvf++UQVTHasC8T5HPAhc7xSsM6YKKGdNE9E1362AkNqtp94IbCow/u1p2O57qxfK/njTzg7Yr95SUW9Or1vZD9rqrKmCqX5rquPZCHQpIKS6nBZFLUTgo0nudcBY6/bvD21pUHfpvWj0sO2wq3qe6YWrgNryEJoR2J+AkNqftSMRGAvU71P1kG5dkltvv1q9auhHJ+SqmyHqd62bJak3Q4y3eintRzp6rdIJh2f3pQoIqaXOvHH3IHDYJb+TPLhb4VSX9eoT8wdt9SzWs5K8oYcBq4HASQWE1EnF7E9gNwIVLvVS1np4d7zV2dQ9V3f2DR/qrf3qrrv6s3rg9gVJrn5IOXUmVre7X7rDOwR3M3K9EDiBgJA6AZZdCexI4JlJHp/kpoP+/j/JVXfU/+tWt5rvqDvdEDg9ASF1evaOvDyBOvu5MMnDk1xlMPw6O6ozottMJKl36j3NmdNERc27EhBSXU2HYmYqUDdI1EO0Fx0wvnrJ7CtWt4F/ZnUp76QMP1gFX71C6ZcnbWx/Aj0LCKmeZ0dtcxBYf3tp+IaJGleFSX0s8G2DQdZvTfUapHoR7fDB3oMc6tmm+ueDq2ed5mBlDAT+QEBIWRQE2gm8M0ndqfdHo0Ns8pHA8Q0T4yq9tqjdvOm5IwEh1dFkKGU2AvUKoro5Yhw0r0pSn90QMLOZagNpLSCkWgvrf0kC9ZXdmx/wwOxPk9TnMIaX9pbkYqwEthYQUlvTaUjgdwL1G1L95lSfUV9/ZmP9l/W9qNcmmfIePtQEFisgpBY79Qa+A4EKn4Pe9PA/Sd6b5C1JvryD4+iCwGIFhNRip97AtxSoM6Y6czrsxoZ6R97zV5+92PIQmhEgsBYQUtYCgeMF6s3ij0vy4NFbIoYtL0vyVi9wPR7THgROIiCkTqJl36UJ1BlT3fBw4yMG/p9J6q69ut28vrBrI0BghwJCaoeYupqFQF3Ge+zqzOmoAX19dUNEfWrDTRGzmHqD6FFASPU4K2rat8CmwVR1fTzJm1YfJfy/fRfqeASWJiCkljbjxjsWqN+a6i69PzmGpt4sXv/UjRE2AgT2JCCk9gTtMN0K/CTJdY6oroKpfm/ylohup1BhcxYQUnOeXWPbROAXSc4d7VjPOb06yeuTXL5JJ/YhQKCNgJBq46rXsyNQl/sqkK6W5L+TfG51Wc+Z09mZQ5XOWEBIzXhyDW1jgZus3lZ+8erzFxs3tCMBAm0FhFRbX70TIECAwAQBITUBT1MCBAgQaCsgpNr66p0AAQIEJggIqQl4mhIgQIBAWwEh1dZX7wQIECAwQUBITcDTlAABAgTaCgiptr56J0CAAIEJAkJqAp6mBAgQINBWQEi19dU7AQIECEwQEFIT8DQlQIAAgbYCQqqtr94JECBAYIKAkJqApykBAgQItBUQUm199U6AAAECEwSE1AQ8TQkQIECgrYCQauurdwIECBCYICCkJuBpSoAAAQJtBYRUW1+9EyBAgMAEASE1AU9TAgQIEGgrIKTa+uqdAAECBCYICKkJeJoSIECAQFsBIdXWV+8ECBAgMEFASE3A05QAAQIE2goIqba+eidAgACBCQJCagKepgQIECDQVkBItfXVOwECBAhMEBBSE/A0JUCAAIG2AkKqra/eCRAgQGCCgJCagKcpAQIECLQVEFJtffVOgAABAhMEhNQEPE0JECBAoK2AkGrrq3cCBAgQmCAgpCbgaUqAAAECbQWEVFtfvRMgQIDABAEhNQFPUwIECBBoKyCk2vrqnQABAgQmCAipCXiaEiBAgEBbASHV1lfvBAgQIDBBQEhNwNOUAAECBNoKCKm2vnonQIAAgQkCQmoCnqYECBAg0FZASLX11TsBAgQITBAQUhPwNCVAgACBtgJCqq2v3gkQIEBggoCQmoCnKQECBAi0FRBSbX31ToAAAQITBITUBDxNCRAgQKCtgJBq66t3AgQIEJggIKQm4GlKgAABAm0FhFRbX70TIECAwAQBITUBT1MCBAgQaCsgpNr66p0AAQIEJgj8FiV2ONawwJfMAAAAAElFTkSuQmCC', '49', 'data:image/png;base64,iVBORw0KGgoAAAANSUhEUgAAAakAAADGCAYAAABo+X9gAAAPL0lEQVR4Xu3de+i+5xwH8LekrExoizmsGX/IELPEH4vl1JBGWUIip9qclTkVIkZjMzaxMLSEyF/84RjLzKaRQ5FTtkwOmyY5H7r0fO3+3Xue7+/a7/s813Pd9/O6S833d33v63O9ruvbu+e57/u6bxMHAQIECBDoVOA2ndalLAIECBAgECFlERAgQIBAtwJCqtupURgBAgQICClrgAABAgS6FRBS3U6NwggQIEBASFkDBAgQINCtgJDqdmoURoAAAQJCyhogQIAAgW4FhFS3U6MwAgQIEBBS1gABAgQIdCsgpLqdGoURIECAgJCyBggQIECgWwEh1e3UKIwAAQIEhJQ1QIAAAQLdCgipbqdGYQQIECAgpKwBAgQIEOhWQEh1OzUKI0CAAAEhZQ0QIECAQLcCQqrbqVEYAQIECAgpa4AAAQIEuhUQUt1OjcIIECBAQEhZAwQIECDQrYCQ6nZqFEaAAAECQsoaIECAAIFuBYRUt1OjMAIECBAQUtYAAQIECHQrIKS6nRqFESBAgICQsgYIECBAoFsBIdXt1CiMAAECBISUNUCAAAEC3QoIqW6nRmEECBAgIKSsAQIECBDoVkBIdTs1CiNAgAABIWUNECBAgEC3AkKq26lRGAECBAgIKWuAAAECBLoVEFLdTo3CCBAgQEBIWQMECBAg0K2AkOp2ahRGgAABAkLKGiBAgACBbgWEVLdTozACBAgQEFLWAAECBAh0KyCkup0ahREgQICAkLIGCBAgQKBbASHV7dQojAABAgSElDVAgAABAt0KCKlup0ZhBAgQICCkrAECBAgQ6FZASHU7NQojQIAAASFlDRAgQIBAtwJCqtupURgBAgQICClrgAABAgS6FRBS3U6NwggQIEBASFkDBAgQINCtgJDqdmoURoAAAQJCyhogQIAAgW4FhFS3U6MwAgQIEBBS1gABAgQIdCsgpLqdGoURIECAgJCyBggQIECgWwEh1e3UKIwAAQIEhJQ1QIAAAQLdCgipbqdGYQQIECAgpKwBAgQIEOhWQEh1OzUKI0CAAAEhZQ0QIECAQLcCQqrbqVFYRwJPS3K7JN9Icm1HdSmFwOwFhNTsp9gADyjwzSSPGJzja0lOO+A5/ToBApUCQqoSSrOdFLgmyYOXjPy+SX62kyIGTaCxgJBqDK67yQg8P8klK6p9dJKvTGYkCiUwYQEhNeHJU/pGBb6X5EErejg1yeUb7d3JCRD4n4CQshAI3FLgTUneuA/M8W6gsGwItBEQUm2c9TIdgUcl+WySO+9Tsr+b6cynSicu4I9t4hOo/LUL/CDJSaOz/iXJUYuflf++R5Ib196zExIgcAsBIWVRELhZ4LIkzxiBXJrkOYOf/TLJvaERINBGQEi1cdZL/wLlOtRLktxlVGoJrmcOfvadJKf0PxwVEpiHgJCaxzwaxcEEyo4SFyS5++g0b07ywiTHDX5eHuQtD/Q6CBBoICCkGiDromuB8gnqrCTHLgmo8m83JTl68W9/SnLHrkejOAIzExBSM5tQw7lVAqcn+czgpoi9Xy6foEpAlaPcIHGnxX//NUm5/fx3t6oXjQkQOGIBIXXEdH5x4gLlVvPXJ3nMaBxnJvn04GclkI5Z/P/vLvbt++PEx658ApMREFKTmSqFrlGgXIP61Oh85Wu98wefoMo/jx/q/dZos9k1luRUBAgsExBS1sWuCSy7BrXstvLS7gWjmyk+l+QpuwZmvAS2KSCktqmv79YC5RPUi5KUDWKHx7I79q5PcrdBo+F1qtZ164/AzgoIqZ2d+p0beLkG9dXRqMv1prNH16CWfc13VZKnJrlu59QMmMCWBYTUlidA900Eyld35yS5/aC3Ly92Mt+7i29YyHhrpAuTvKxJpTohQOAQASFlQcxdoHyC+kiSEyq+4itNfpjk/oO25U6/csefgwCBLQgIqS2g67KZwEWLB3WHHZZnncrzUeNdI85YfFoqobZ3fCHJO+0w0Wy+dETgFgJCyqKYq8B5SV41GtzPk3x8dJt5aVKCqbR/6KD9L5KcOFcc4yIwFQEhNZWZUuetFbh6FDrl91ftu/fJ0Vd65Su+i32CurXk2hNYv4CQWr+pM25fYPwQ7m+TvHjJXXyl0nL9qVyH2js+uLhNffujUAEBAl4fbw3MUuBno6/q9nvGqdxUsfe+qO8nealPULNcEwY1UQGfpCY6ccpeKVC2OyoP7e4dH07yvH28/jP4Nw/sWlgEOhMQUp1NiHIOLFBeSnjy4CxlG6OyndGyY7iHnzfuHpjeCQisX0BIrd/UGbcnML4WVYLnIUlW7Vpe7uDbe35qvPv59kahZwIE/i8gpCyGuQiMA6qMa7+v78bbJPlbmMtKMI5ZCfjDnNV07uxglu1Y/t7FTRCrUIbXrlyL2tmlY+C9Cwip3mdIfYcTWPYJqny9V77mK1/3LTuenuQTi3+4MsnDD9eJfydAYDsCQmo77npdn8B4M9hVu0oMeyzPTR27+MGzkly2vnKciQCBdQoIqXVqOldrgRI0JXD2jj8tXqnxpX0KGYZaaffY1kXrjwCBegEhVW+lZX8Cd03ym0FZZfPY45OU90SNj3KjxNsGr3+/MckTk1zR37BURIDAnoCQshamLLDsetSqNT1+yNfNElOeebXvjICQ2pmpnuVAh7tFlAGueiB3HGbeETXL5WBQcxQQUnOc1d0Y02OSfHEw1H8meVeS14yG/6QkH0ty58XPy3ukyqeo8fukdkPNKAlMTEBITWzClPt/geGWRns/vF+SHw+MynWo9yU5afGzstv5AxgSIDAdASE1nblS6aEC5ZPRDSOU8Xp+R5JXD9qckqTs7ecgQGAiAkJqIhOlzKUC42tSw/U83vbolUnO50iAwLQEhNS05ku1hwrsF1IXJTlr0bzcbv5U16EsHwLTExBS05szFd8ssCqkHjkKpBa3mw/vIGzRn3VAYCcEhNROTPNsB7kqpModfm9fjLrVe6L2+1Q32wkwMAKbFhBSmxZ2/k0KrAqGa5Pcc9Hxa5Ocu8kiFrutv2fUh7+tDaM7/W4I+EPajXme6yiXhdT4wd3TNnwt6i1J3jACvjzJqXNFNy4CLQWEVEttfa1bYBxSJZCG+/NdnOTsdXeaZNl2TMNu/F1tAN0pd1PAH9NuzvtcRj0OqUuTPGcwuE18ijpcQL1/cFfhXJyNg8DWBITU1uh1vAaBcUgNT/nyJOPrRAfp8oTFc1Zn7HOSq5I87CCd+F0CBA4VEFJWxJQFVoVUea/Uk9d4Leq8JOXliOXVIKsOt51PeSWpvVsBIdXt1CisQmBVSJ2ZpOx0vo5j+FDw+HwlmD6UpNxN6CBAYAMCQmoDqE7ZTGBZSJW37ZbdJcqnqYMehwuocn3KQYDABgWE1AZxnXqjAvdJ8tNRD39L8vAk311Dz8tukPhXkrcm+UCS69fQh1MQIHAYASFliUxV4NlJPrqi+PI1XHmH1M+PcHDjzWn3TlNe+fGjIzynXyNA4AgEhNQRoPmVrQuUEBk+D7WsoL8n+XWSPyQpn7rKWi9fAZaXI5atko5OcmySnyR5YJKjktyU5A5Jbrv49+F53Rix9WlXwC4KCKldnPVpj7kEVNmb7/ENh3FBklc07E9XBAgsBISUpTA1gU8lKW/l3TvKw7N/TvK4JCcuPgmtc0zlAeHnrvOEzkWAQL2AkKq30nL7AuOAGr8n6glJyl56Jy8p9R+Lmx3+vc/Xfb9fBF359fJV4SWLLZC2P3IVENhRASG1oxM/wWF/ZLTlURnC4a4TPXQxznJdqlyHqjnK75SAcvdejZY2BDYsIKQ2DOz0axFYdjt4eRV8eSW8gwCBGQsIqRlP7kyGVgKq3CRRnn/aO65I8ro1bns0EyrDIDA/ASE1vzmd04jKnXxlB4lyS/jeUbY7Kq/g+NqcBmosBAgsFxBSVkavAqcn+fyouF8led4iuHqtW10ECKxRQEitEdOpDixwzGL38nKt6V5J7jg647uTvOrAvTgBAQKTERBSk5mqWRZavs4r/ztusevDI/YZpeeVZrkEDIrA/gJCygrZlsA1SR5c2Xm5DlVulBhvKFv565oRIDBVASE11Zmbdt3nJDm3cgjlWagLk9xQ2V4zAgRmJCCkZjSZExrKsueexuWXcLoyyRcmNC6lEiCwZgEhtWZQp6sWuDrJ3o4Q5ZfKazW+vrijrzwHdV31mTQkQGC2AkJqtlM7iYGVmyZOSPJt72maxHwpkkBzASHVnFyHBAgQIFArIKRqpbQjQIAAgeYCQqo5uQ4JECBAoFZASNVKaUeAAAECzQWEVHNyHRIgQIBArYCQqpXSjgABAgSaCwip5uQ6JECAAIFaASFVK6UdAQIECDQXEFLNyXVIgAABArUCQqpWSjsCBAgQaC4gpJqT65AAAQIEagWEVK2UdgQIECDQXEBINSfXIQECBAjUCgipWintCBAgQKC5gJBqTq5DAgQIEKgVEFK1UtoRIECAQHMBIdWcXIcECBAgUCsgpGqltCNAgACB5gJCqjm5DgkQIECgVkBI1UppR4AAAQLNBYRUc3IdEiBAgECtgJCqldKOAAECBJoLCKnm5DokQIAAgVoBIVUrpR0BAgQINBcQUs3JdUiAAAECtQJCqlZKOwIECBBoLiCkmpPrkAABAgRqBYRUrZR2BAgQINBcQEg1J9chAQIECNQKCKlaKe0IECBAoLmAkGpOrkMCBAgQqBUQUrVS2hEgQIBAcwEh1ZxchwQIECBQKyCkaqW0I0CAAIHmAkKqObkOCRAgQKBWQEjVSmlHgAABAs0FhFRzch0SIECAQK2AkKqV0o4AAQIEmgsIqebkOiRAgACBWgEhVSulHQECBAg0FxBSzcl1SIAAAQK1AkKqVko7AgQIEGguIKSak+uQAAECBGoFhFStlHYECBAg0FxASDUn1yEBAgQI1AoIqVop7QgQIECguYCQak6uQwIECBCoFRBStVLaESBAgEBzASHVnFyHBAgQIFArIKRqpbQjQIAAgeYCQqo5uQ4JECBAoFZASNVKaUeAAAECzQWEVHNyHRIgQIBArYCQqpXSjgABAgSaCwip5uQ6JECAAIFaASFVK6UdAQIECDQXEFLNyXVIgAABArUCQqpWSjsCBAgQaC4gpJqT65AAAQIEagWEVK2UdgQIECDQXEBINSfXIQECBAjUCgipWintCBAgQKC5wH8B9Y8d1qvz1vYAAAAASUVORK5CYII=', '45', 1, '2021-07-16 22:06:02', '', 'data:image/png;base64,iVBORw0KGgoAAAANSUhEUgAAAakAAADGCAYAAABo+X9gAAAOOElEQVR4Xu3dW6htZRUH8L8vvfkQFWVZdLEiu2k3KgqUfCwLIV+CqIgKu0AXsh7CgihFuoNRIhWGD0VlFhQU1EMRXbXIKLC0DIqiC1YvhRiD1pLZdJ+9195nX7451m+CD+4z15pj/MY8/M9ae85vnhEbAQIECBAYVOCMQetSFgECBAgQiJByEhAgQIDAsAJCatjRKIwAAQIEhJRzgAABAgSGFRBSw45GYQQIECAgpJwDBAgQIDCsgJAadjQKI0CAAAEh5RwgQIAAgWEFhNSwo1EYAQIECAgp5wABAgQIDCsgpIYdjcIIECBAQEg5BwgQIEBgWAEhNexoFEaAAAECQso5QIAAAQLDCgipYUejMAIECBAQUs4BAgQIEBhWQEgNOxqFESBAgICQcg4QIECAwLACQmrY0SiMAAECBISUc4AAAQIEhhUQUsOORmEECBAgIKScAwQIECAwrICQGnY0CiNAgAABIeUcIECAAIFhBYTUsKNRGAECBAgIKecAAQIECAwrIKSGHY3CCBAgQEBIOQcIECBAYFgBITXsaBRGgAABAkLKOUCAAAECwwoIqWFHozACBAgQEFLOAQIECBAYVkBIDTsahREgQICAkHIOECBAgMCwAkJq2NEojAABAgSElHOAAAECBIYVEFLDjkZhBAgQICCknAMECBAgMKyAkBp2NAojQIAAASHlHCBAgACBYQWE1LCjURgBAgQICCnnAAECBAgMKyCkhh2NwggQIEBASDkHCBAgQGBYASE17GgURoAAAQJCyjlAgAABAsMKCKlhR6MwAgQIEBBSzgECBAgQGFZASA07GoURIECAgJByDhAgQIDAsAJCatjRKIwAAQIEhJRzgAABAgSGFRBSw45GYQQIECAgpJwDBAgQIDCsgJAadjQKI0CAAAEh5RwgkLwkyT+T/CrJnUAIEBhHQEiNMwuVHK/Ag5K8PskVOxz2PUnefbzlOBoBAjsJCCnnxTYKPDrJlUleukvz/m5s45mh5+EE/EUcbiQKOgaBDyZ58x7HOSfJr4+hFocgQMC/Fp0DBO4VuDrJ2zbw8A+4DZDsQuCoBfxFPGph7z+SwCOTfD3J42dF1YUTN85+5u/GSJNTy9YK+Iu4taPfysY/N/s91N1JnpLkF6ur+s5eqfwpyYO3UkjTBAYTEFKDDUQ5RybwgSRvmb379Cq+PyR5yOrP/57k/kdWiTcmQGBjASG1MZUdFyxwQZJPJamv+9bbx5K8afL/t0/+XEgteNhK7yUgpHrNUzf3FTg3ya2zH1cInZ/kjsnPb0ryotX//zjJM2ASIHDyAkLq5GeggqMTqBty5zfrVjB9Zoebdb+Q5JJVKd9OcuHRleWdCRDYVEBIbSplvyUK1H1OdePudKvwqRCab3+cXCxxW5LHLrFhNRPoJiCkuk1UP2uBbyWp30Wtt7pi7w1JPn8KonsmP699LkVJgMDJCwipk5+BCo5GYBo6dYTd1uO7OMmXJ2XUmn7XHE1Z3pUAgf0ICKn9aNl3KQK1Jl/dE7Xe7kry0CT/OkUDr0nyicmf1UUTdfGEjQCBExYQUic8AIc/EoFvJLlo8s7XJ3n5Lkf6yORy9K8kqU9WNgIEBhAQUgMMQQmHKlCfoq5LcubkXevS8q/ucpQfTi45/3iSyw61Im9GgMCBBYTUgem8cFCBHyV5+qS2Pyd5apJaUeJU23S1iauSvGPQ3pRFYOsEhNTWjbx1w1/K/56yO932eoBhPfywrvxbby6aaH2KaG5pAkJqaRNT724C30/yrMkOm1xK/sIk9Xuo9eaiCecYgYEEhNRAw1DKaQnUauY/nbzDpjfkXpvk1avX1WoUjzqtKryYAIFDFRBSh8rpzU5QYH4Z+aeTvHKDen6f5GGr/d6b5F0bvMYuBAgck4CQOiZohzlygVrl/BWTo7w2ySf3OGo9Qr4eJb/eXpbkhiOv1AEIENhYQEhtTGXHwQVuWV3Fty5zr98tnZXkJ5NnSNXvr+q/J07W9rszyb9XD0QcvH3lEegpIKR6znUbu5ouEPufJA9I8o9dIOoTVH2SWm+1GO1jTrF/LUhbyybVSukVXDYCBI5JQEgdE7TDHKnA/DLyvyR54CmO+PAk30zyuANWJLAOCOdlBA4iIKQOouY1ownUOn210sR6e3uSq2dFVjjdmORph1j895I89xDfz1sRIDATEFJOiQ4Cdel5XYJe291Jzpk9dXf+2I7D7PnmQw6+w6zNexFYvICQWvwIt76B+f1Rv0zyhIlK/Z6p7pnaz1YXYdTvqyrs3jgJwFO9R91E/Oz9HMC+BAhsJiCkNnOy17gC9dVerbe33qbLIO30+PhpJ/W7q1pG6X6TH/42SV1EMd/qht+3zAJwuk8F2k6vG1dOZQQWICCkFjAkJe4qUF+3nTfZ48VJbkqyV0DVS9b77of4VF8dPsKVf/thtC+BzQSE1GZO9hpXYKdLz9+a5Io9Sv5ukucdsK36CrHuqTp/9fq64u/CA76XlxEgsIuAkHJ6LF1g+piN+vquFpjd6Wu3L64ucHjkquFaMqmWTjqdbX1fla/5TkfRawkIKedAY4F7Zr3VZebzx3W8b3Vj7/tX+1pItvEJobVeAj5J9ZrntnVzQZL6HdF6q8Can9PfSfL8JNOFZN+Z5Mptw9IvgSUKCKklTk3Na4EfJHnmHhx1jtfCsZ9d7VdLJV08WZ+PJgECAwsIqYGHo7Q9BeZf9c1fsL4c/eerhWPrz/d6Uu+eB7UDAQLHJyCkjs/akQ5XoJZBquWQdtquT3J5krqoYr5frXL+i8MtxbsRIHBUAkLqqGS971EL3JXkzB0OMn9k/HRdv00eJ3/UdXt/AgT2ISCk9oFl12EEdvsUVfcr1X1Ltc1v6L10dX/TMI0ohACB3QWElDNkiQK1RNG1OxT+4ckzourKv7r0/Dmr/eopvfW0XhsBAgsSEFILGpZS7xV4VZLrZh4/TlJP411v88fJ7/WkXrwECAwoIKQGHIqS9hSoZ0P9brbXdO28+deBtTDsh/Z8VzsQIDCcgJAabiQK2lBgutDrdO28+Q2+f0tyifuiNlS1G4HBBITUYANRzr4E5mvnzT9BVUB9dHUBxb7e2M4ECIwhIKTGmIMqTl+gPkFdNnuMfC0gWwvJ2ggQWKiAkFro4JR9H4Hp/VD1h/UVYK0usb4cHRkBAgsUEFILHJqS/0+gPkHdkOSsyU/rpt3XJfkrKwIEli0gpJY9P9UntydZPyOqPL6W5E1JboNDgMDyBYTU8me4rR1clKRu3q21+NZbPY6jLk+3ESDQREBINRnklrUxX02i2r81yZO2zEG7BNoLCKn2I27Z4M+SPHnSWd2oWzfs2ggQaCYgpJoNtHk79Qmqljua/g6qLpK4xlV8zSevva0VEFJbO/rFNX52kjt3qHq66vnimlIwAQK7CwgpZ8hSBOb3QVXdnrK7lOmpk8ABBYTUAeG87FgF5s+FqoO7F+pYR+BgBE5GQEidjLujbi5w7urKvfkrPMBwc0N7ElisgJBa7Oi2pvDpaufrpqcPN9waCI0S2EYBIbWNU19Oz/PHblTlv0nygiR3LKcNlRIgcFABIXVQOa87DoFT/S6qvuqzESCwBQJCaguGvOAWd/ok5ZLzBQ9U6QT2KyCk9itm/+MWuDnJeauD3pLk/OMuwPEIEDg5ASF1cvaOvLnA5atdr9r8JfYkQKCDgJDqMEU9ECBAoKmAkGo6WG0RIECgg4CQ6jBFPRAgQKCpgJBqOlhtESBAoIOAkOowRT0QIECgqYCQajpYbREgQKCDgJDqMEU9ECBAoKmAkGo6WG0RIECgg4CQ6jBFPRAgQKCpgJBqOlhtESBAoIOAkOowRT0QIECgqYCQajpYbREgQKCDgJDqMEU9ECBAoKmAkGo6WG0RIECgg4CQ6jBFPRAgQKCpgJBqOlhtESBAoIOAkOowRT0QIECgqYCQajpYbREgQKCDgJDqMEU9ECBAoKmAkGo6WG0RIECgg4CQ6jBFPRAgQKCpgJBqOlhtESBAoIOAkOowRT0QIECgqYCQajpYbREgQKCDgJDqMEU9ECBAoKmAkGo6WG0RIECgg4CQ6jBFPRAgQKCpgJBqOlhtESBAoIOAkOowRT0QIECgqYCQajpYbREgQKCDgJDqMEU9ECBAoKmAkGo6WG0RIECgg4CQ6jBFPRAgQKCpgJBqOlhtESBAoIOAkOowRT0QIECgqYCQajpYbREgQKCDgJDqMEU9ECBAoKmAkGo6WG0RIECgg4CQ6jBFPRAgQKCpgJBqOlhtESBAoIOAkOowRT0QIECgqYCQajpYbREgQKCDgJDqMEU9ECBAoKmAkGo6WG0RIECgg4CQ6jBFPRAgQKCpgJBqOlhtESBAoIOAkOowRT0QIECgqYCQajpYbREgQKCDgJDqMEU9ECBAoKmAkGo6WG0RIECgg4CQ6jBFPRAgQKCpgJBqOlhtESBAoIOAkOowRT0QIECgqYCQajpYbREgQKCDgJDqMEU9ECBAoKmAkGo6WG0RIECgg4CQ6jBFPRAgQKCpgJBqOlhtESBAoIOAkOowRT0QIECgqYCQajpYbREgQKCDgJDqMEU9ECBAoKmAkGo6WG0RIECgg4CQ6jBFPRAgQKCpgJBqOlhtESBAoIOAkOowRT0QIECgqYCQajpYbREgQKCDgJDqMEU9ECBAoKmAkGo6WG0RIECgg4CQ6jBFPRAgQKCpgJBqOlhtESBAoIOAkOowRT0QIECgqYCQajpYbREgQKCDgJDqMEU9ECBAoKmAkGo6WG0RIECgg4CQ6jBFPRAgQKCpgJBqOlhtESBAoIOAkOowRT0QIECgqYCQajpYbREgQKCDgJDqMEU9ECBAoKnAfwF2PPHHzDt/HgAAAABJRU5ErkJggg==', '51', 1, '2021-07-16 22:06:51', '', 'data:image/png;base64,iVBORw0KGgoAAAANSUhEUgAAAakAAADGCAYAAABo+X9gAAANKklEQVR4Xu3dW6i9+RgH8O8oF5LiwqHk0MghU2pQTBmHSNyIHEqDmVyguRtREg2ZCxMxEq4UhRjKXCDkbHIoU5MY0jjE1BQXyM3cTPTL2rV6Z+3577X3Xnv9nmd91t3s/7ve9Tyf5zd9W2v93nddFg8CBAgQIDCpwGWT1qUsAgQIECAQIWURECBAgMC0AkJq2tEojAABAgSElDVAgAABAtMKCKlpR6MwAgQIEBBS1gABAgQITCsgpKYdjcIIECBAQEhZAwQIECAwrYCQmnY0CiNAgAABIWUNECBAgMC0AkJq2tEojAABAgSElDVAgAABAtMKCKlpR6MwAgQIEBBS1gABAgQITCsgpKYdjcIIECBAQEhZAwQIECAwrYCQmnY0CiNAgAABIWUNECBAgMC0AkJq2tEojAABAgSElDVAgAABAtMKCKlpR6MwAgQIEBBS1gABAgQITCsgpKYdjcIIECBAQEhZAwQIECAwrYCQmnY0CiNAgAABIWUNECBAgMC0AkJq2tEojAABAgSElDVAgAABAtMKCKlpR6MwAgQIEBBS1gABAgQITCsgpKYdjcIIECBAQEhZAwQIECAwrYCQmnY0CiNAgAABIWUNECBAgMC0AkJq2tEojAABAgSElDVAgAABAtMKCKlpR6MwAgQIEBBS1gABAgQITCsgpKYdjcIIECBAQEhZAwQIECAwrYCQmnY0CiNAgAABIWUNECBAgMC0AkJq2tEojAABAgSElDVAgAABAtMKCKlpR6MwAgQIEBBS1gABAgQITCsgpKYdjcIIECBAQEhZAwQIECAwrYCQmnY0CiNAgAABIWUNECBAgMC0AkJq2tEojAABAgSElDVAgAABAtMKCKlpR6MwAgQIEBBS1gABAgQITCsgpKYdjcIIECBAQEhZAwQIECAwrYCQmnY0CiNAgAABIWUNECBAgMC0AkJq2tEojAABAgSElDVAgAABAtMKCKlpR6OwggJPTvKKJL9P8qIk/05yZ5IfFexFyQSmEBBSU4xBEcUFrktybZIXH9PHCKmXFO9R+QT2IiCk9sLuRZsIXJ7kLUluPEE/b0jy1RMc5xACBNYEhJTlQOB0As9M8tstnvrBJB/Y4niHEiCQREhZBgS2Fxhh8/4kD9niqUJqCyyHEjgSEFLWAoHtBEZAbfp4774kP03y4yQ3bTjl+E7KBortrB1NwDspa4DAFgKvT3LrhuPHd02fXoXQE5L8dXHML5JctcXrOJQAgZWAd1KWAoGTCWx6B3VPki8neffiFP9d/Lf/z05m7CgCDxDwP49FQeDSAiOgxsd1L1wcuukjvGWY/T3JYy/9Eo4gQGCTgJCyLgg8uMAInXclefjaYfcneVaSuxZPHTv+vplkXNR79LgtyWsgEyBwOgEhdTo3zzoMgU0f8Y1t5187Zjv5puOfnuQPh8GlSwLnLyCkzt/UGXsIHLeLb3T33CR3bGhz+V2Ubec91oIu9iggpPaI76WnFlgGznqxJ/kuahx/xYaPBKduWnEEZhMQUrNNRD0zCIwt489bFPLJJJ9f/W35Lmrcs+8bi++tvpTkmhmaUQOBygJCqvL01L4LgackuXvDiZ+Y5G8b/j6unbphcR3Un5K8IMm9uyjQOQkckoCQOqRp6/UkAu9I8pnFgWPjw9gAsenxnSQvX/yD76JOIu0YAicQEFInQHLIQQls2jCxKXTGO6hPJXn0Qsftjw5quWh21wJCatfCzl9NYPykxlcWRb8pyRfX/vbqJF9fHDO+p7rZz3FUG7d6ZxcQUrNPSH0XLTC+Sxo3il1/vDTJD1Z/GJskPprkOWsH/CPJYy66UK9H4BAEhNQhTFmP2whsCqmrk9ye5JGru5yPu00cPcadzcfHge5wvo2yYwmcUEBInRDKYQclcNwNYpffV40NFh/ecNfzg8LSLIFdCgipXeo6d0WB8THerxaFH91hYuzye+rq3/6c5K3eQVUcsZorCQipStNS60UIPG7D9U2vTTK+l7p+rYCxwWL8jpQHAQI7FBBSO8R16pICmy7mHRfnXr7WjeugSo5W0RUFhFTFqal5lwKbfll3/fVGQN2S5F+7LMK5CRD4v4CQshIIPFDgh0nGVvMHe3x8dTHvH9cOGu/CnrG6wPdzYAkQOLuAkDq7oTP0ExgX644bxD7sjK2NIHvnGc/h6QQOWkBIHfT4Nb9BYNzu6NZzlLkzyZXneD6nInBQAkLqoMat2QcRGB/vjTD52OKY8Y5qfIT37DPo/TLJ88/wfE8lcLACQupgR6/xhcDvVmF09Od/Jnn7MdvMv7fakr4Noi3r22g5lsBKQEhZCocuMO5k/uYkj1iDGNc/jbtL3HUJnLFRYrlxYtycdv2+fkensG390Fea/k8lIKROxeZJDQSuS3Lthl18Y1fe+AXes9yL7y9JnrQw8hMeDRaNFi5eQEhdvLlX3L/A+P5pbDNfPs7zI7n1n6AfgTdCyoMAgS0FhNSWYA4vLTDC6VWrn3tfb2SEyCeS3HbO3Y2dguPh9knnDOt0hyMgpA5n1ofe6QioLyR5/BrEPUk+u/r+6dB99E9gSgEhNeVYFHXOAmMTxOuSXLF23p8n+a6AOmdppyNwzgJC6pxBnW4qgUcledmGi3N/kuTGM26OmKpRxRDoKiCkuk5WX+PjvTcmeduCYmyO+HaS/yAiQGB+ASE1/4xUuL3A2LAwfjF3/ec1fp1k3EvPjV+39/QMAnsTEFJ7o/fCOxAYF9eOi2avWZx77K57b5K7d/CaTkmAwA4FhNQOcZ36QgXG5ojxPdPy8f0kN/n+6UJn4cUInJuAkDo3Sifao8Bxv/90c5L37LEuL02AwBkFhNQZAT19rwJjc8T1SY4uml0vxr3y9joaL07gfASE1Pk4OsvFC3xkFU7Le+S5/uniZ+EVCexMQEjtjNaJdyRw3K2NxsvZILEjdKclsC8BIbUvea97WoHxq7mbPt4bW8vHDr57T3tizyNAYD4BITXfTFR0vMCHkrxv8c/3r3bvjd19HgQINBMQUs0G2rid8e5pvItaPsb9+C7144SNWbRGoLeAkOo9307d/SzJVWsN3Zfkla5/6jRivRB4oICQsioqCDwtyW+SPHSt2NuTXF2heDUSIHB6ASF1ejvPvDiBcZuj8VtQ6487k1x5cSV4JQIE9iEgpPah7jW3FRgf631rw5PG3STGXSU8CBBoKiCkmg62WVvj2qhx66Pl44YktzTrVTsECKwJCCnLoYrA8v58dyR5bpXi1UmAwOkEhNTp3DxrPwJjG/rY4TdufTTuLuFBgEBzASHVfMDaI0CAQGUBIVV5emonQIBAcwEh1XzA2iNAgEBlASFVeXpqJ0CAQHMBIdV8wNojQIBAZQEhVXl6aidAgEBzASHVfMDaI0CAQGUBIVV5emonQIBAcwEh1XzA2iNAgEBlASFVeXpqJ0CAQHMBIdV8wNojQIBAZQEhVXl6aidAgEBzASHVfMDaI0CAQGUBIVV5emonQIBAcwEh1XzA2iNAgEBlASFVeXpqJ0CAQHMBIdV8wNojQIBAZQEhVXl6aidAgEBzASHVfMDaI0CAQGUBIVV5emonQIBAcwEh1XzA2iNAgEBlASFVeXpqJ0CAQHMBIdV8wNojQIBAZQEhVXl6aidAgEBzASHVfMDaI0CAQGUBIVV5emonQIBAcwEh1XzA2iNAgEBlASFVeXpqJ0CAQHMBIdV8wNojQIBAZQEhVXl6aidAgEBzASHVfMDaI0CAQGUBIVV5emonQIBAcwEh1XzA2iNAgEBlASFVeXpqJ0CAQHMBIdV8wNojQIBAZQEhVXl6aidAgEBzASHVfMDaI0CAQGUBIVV5emonQIBAcwEh1XzA2iNAgEBlASFVeXpqJ0CAQHMBIdV8wNojQIBAZQEhVXl6aidAgEBzASHVfMDaI0CAQGUBIVV5emonQIBAcwEh1XzA2iNAgEBlASFVeXpqJ0CAQHMBIdV8wNojQIBAZQEhVXl6aidAgEBzASHVfMDaI0CAQGUBIVV5emonQIBAcwEh1XzA2iNAgEBlASFVeXpqJ0CAQHMBIdV8wNojQIBAZQEhVXl6aidAgEBzASHVfMDaI0CAQGUBIVV5emonQIBAcwEh1XzA2iNAgEBlASFVeXpqJ0CAQHMBIdV8wNojQIBAZQEhVXl6aidAgEBzASHVfMDaI0CAQGUBIVV5emonQIBAcwEh1XzA2iNAgEBlASFVeXpqJ0CAQHMBIdV8wNojQIBAZQEhVXl6aidAgEBzASHVfMDaI0CAQGUBIVV5emonQIBAcwEh1XzA2iNAgEBlASFVeXpqJ0CAQHMBIdV8wNojQIBAZQEhVXl6aidAgEBzASHVfMDaI0CAQGUBIVV5emonQIBAcwEh1XzA2iNAgEBlASFVeXpqJ0CAQHMBIdV8wNojQIBAZQEhVXl6aidAgEBzASHVfMDaI0CAQGUBIVV5emonQIBAcwEh1XzA2iNAgEBlASFVeXpqJ0CAQHOB/wGMTbvHtv7yVgAAAABJRU5ErkJggg==', '2021-07-16 22:04:22', '49', '2021-07-16 22:03:38', '49', '2021-07-16 22:03:58', '49', NULL, NULL);
/*!40000 ALTER TABLE `trnbudgetrequest` ENABLE KEYS */;

-- Dumping structure for table proxis_db.trnproofspend
DROP TABLE IF EXISTS `trnproofspend`;
CREATE TABLE IF NOT EXISTS `trnproofspend` (
  `ProofSpendId` varchar(50) NOT NULL DEFAULT '0',
  `BudgetRequestId` varchar(50) NOT NULL DEFAULT '0',
  `ProofSpendNo` varchar(50) NOT NULL DEFAULT '0',
  `ProofSpendDate` date DEFAULT NULL,
  `NoUrut` varchar(50) DEFAULT NULL,
  `NoUrutReimburse` varchar(50) DEFAULT NULL,
  `ReimburseNo` varchar(50) NOT NULL DEFAULT '0',
  `ReimbursePaidTo` varchar(50) NOT NULL DEFAULT '0',
  `TotalAmount` double DEFAULT NULL,
  `Classification` varchar(150) DEFAULT NULL,
  `CreatorTtd` text DEFAULT NULL,
  `Recipient` varchar(50) DEFAULT NULL,
  `RecipientTtd` text DEFAULT NULL,
  `Approval1` varchar(50) DEFAULT NULL,
  `Approval1Status` int(1) DEFAULT 0,
  `Approval1Date` datetime DEFAULT NULL,
  `Approval1Note` text DEFAULT NULL,
  `Approval1Ttd` text DEFAULT NULL,
  `Approval2` varchar(50) DEFAULT NULL,
  `Approval2Status` int(1) DEFAULT 0,
  `Approval2Date` datetime DEFAULT NULL,
  `Approval2Note` text DEFAULT NULL,
  `Approval2Ttd` text DEFAULT NULL,
  `Approval3` varchar(50) DEFAULT NULL,
  `Approval3Status` int(1) DEFAULT 0,
  `Approval3Date` datetime DEFAULT NULL,
  `Approval3Note` text DEFAULT NULL,
  `Approval3Ttd` text DEFAULT NULL,
  `LockDate` datetime DEFAULT NULL,
  `LockByUserId` varchar(50) DEFAULT NULL,
  `CreatedDate` datetime DEFAULT NULL,
  `CreatedByUserId` varchar(30) DEFAULT NULL,
  `LastChangedDate` datetime DEFAULT NULL,
  `LastChangedByUserId` varchar(30) DEFAULT NULL,
  `DeletedDate` datetime DEFAULT NULL,
  `DeletedUserId` varchar(30) DEFAULT NULL,
  PRIMARY KEY (`ProofSpendId`) USING BTREE
) ENGINE=InnoDB DEFAULT CHARSET=utf8;

-- Dumping data for table proxis_db.trnproofspend: ~2 rows (approximately)
DELETE FROM `trnproofspend`;
/*!40000 ALTER TABLE `trnproofspend` DISABLE KEYS */;
INSERT INTO `trnproofspend` (`ProofSpendId`, `BudgetRequestId`, `ProofSpendNo`, `ProofSpendDate`, `NoUrut`, `NoUrutReimburse`, `ReimburseNo`, `ReimbursePaidTo`, `TotalAmount`, `Classification`, `CreatorTtd`, `Recipient`, `RecipientTtd`, `Approval1`, `Approval1Status`, `Approval1Date`, `Approval1Note`, `Approval1Ttd`, `Approval2`, `Approval2Status`, `Approval2Date`, `Approval2Note`, `Approval2Ttd`, `Approval3`, `Approval3Status`, `Approval3Date`, `Approval3Note`, `Approval3Ttd`, `LockDate`, `LockByUserId`, `CreatedDate`, `CreatedByUserId`, `LastChangedDate`, `LastChangedByUserId`, `DeletedDate`, `DeletedUserId`) VALUES
	('60f1a3774b0c060f1a3774b0c3', '60f19fcad995260f19fcad9954', 'BPK0001/VII/2021', '2021-07-15', '0001', '0001', 'RE0001/VII/2021', '', 2, 'Murata', 'data:image/png;base64,iVBORw0KGgoAAAANSUhEUgAAAakAAADGCAYAAABo+X9gAAASZ0lEQVR4Xu3dfex/5RzH8adpZu4TWcrkntqS3GxamciQbjD9RnNTTLUiMpG7udsQTdJ+UYsyzFZDIrFQjWLGEmqxbiSpdUNkbGzYe79z5nJ+n9/3+/l+Puc6n+s653n+wfd3Ptd5X4/rstfO53Od69wLDwUUUEABBQoVuFehdVmWAgoooIACGFJOAgUUUECBYgUMqWKHxsIUUEABBQwp54ACCiigQLEChlSxQ2NhCiiggAKGlHNAAQUUUKBYAUOq2KGxMAUUUEABQ8o5oIACCihQrIAhVezQWJgCCiiggCHlHFBAAQUUKFbAkCp2aCxMAQUUUMCQcg4ooIACChQrYEgVOzQWpoACCihgSDkHFFBAAQWKFTCkih0aC1NAAQUUMKScAwoooIACxQoYUsUOjYUpoIACChhSzgEFFFBAgWIFDKlih8bCFFBAAQUMKeeAAgoooECxAoZUsUNjYQoooIAChpRzQAEFFFCgWAFDqtihsTAFFFBAAUPKOaCAAgooUKyAIVXs0FiYAgoooIAh5RxQQAEFFChWwJAqdmgsTAEFFFDAkHIOKKCAAgoUK2BIFTs0FqaAAgooYEg5BxSoX+CVwJOBS5uutP9Zf8/sweQFDKnJTwEBKhe4Hnhspw9/Bw4Gvl953yxfAQwpJ4EC9QqcDRy+RvlnAh8FfldvF6186gKG1NRngP2vVWBX4MY5iv8B8Pw5zvMUBYoUMKSKHBaLUmBdgSuAZ6971pYTDgAumvNcT1OgKAFDqqjhsBgF5hI4Fzi0c+aPgXc3f9sM7Jb8+3nAW4Bb52rdkxQoSMCQKmgwLEWBOQR+DuzVOS9CaFPnbzcDuyR/Oxk4YY72PUWBogQMqaKGw2IUWFPgAuCgzhl/AF4KRHilR9xpxR1XekSQRaB5KFCNgCFVzVBZ6IQFHg78CHhix+CWzt1S+s/xma8B+yR/nHXHNWFWu16DgCFVwyhZ49QFZt0VfQt48zrLy3cCTu38frUjcMfUQe1/PQKGVD1jZaXTFIiguQqIO6P2iIDqfu23LZ3nAhcD2zUnvAw4f5qU9rpGAUOqxlGz5ikJHAh8M+nwbc3CiY2s1LsOeFzThr9LTWn2jKCvhtQIBtEujFqgu9z8FOBtG+zxJUDcUcURd2R3bvDznq7AygQMqZXRe2EF1hWIJeSxN999kjOfMWMl33oNtSEVKwDj8x4KVCNgSFUzVBY6QYHugolY4bfvAg5/Bh4C3A1sv8Dn/YgCKxMwpFZG74UVWFeg+1zUScCJ635q6xPandJjVV+s7vNQoBoBQ6qaobLQiQl8AHh/0udltjZKf5Py//MTm0i1d9cJW/sIWv8YBWLZ+a+BhyadW2ZVXntHFq/seMwYwezTeAUMqfGOrT2rV+Ay4Dmdu6ju3nwb6V17VxZv7N1vIx/0XAVWLWBIrXoEvL4CWwvEb0cPa/78G+Do5NXwi3i1L0eM563ijb0eClQjYEhVM1QWOhGB7nNROwB/WrLvhtSSgH58dQKG1OrsvbICXYHYzfzryR/j9e9H9cB0BnAkcDpwbA/t2YQCgwkYUoNReyEF1hW4FnhSc9YNwDN7uIuK5mLvvv2BC4HYZslDgWoEDKlqhspCRy7wSeD4pI8fBGLBQx/H5cDewHeAF/fRoG0oMJSAITWUtNdRYNsCsZjhG8k/970K7xfAU5trxFeKHgpUI2BIVTNUFjpigc3AMUn/jgDO6bG/bUh9ATi8x3ZtSoHsAoZUdmIvoMCaAvHAbvwW1b4vKsIpQqrPIx7ifbR3Un2S2tZQAobUUNJeR4HZAu3Ku/jXXLuUtyEVDwm3r+xwPBSoQsCQqmKYLHLEAm2ARBdjuXksO+/7MKT6FrW9wQQMqcGovZACWwnEK+BjX704bgH26GnJefdChpSTr1oBQ6raobPwEQjcCOza9OOQJLD67lq8R+rBgF/39S1re9kFDKnsxF5AgZkCbwE+1fxL7NX3eOCvmaz+07RrSGUCttl8AoZUPltbVmAtgXSPvhwr+tJrG1LOxWoFDKlqh87CKxbYDbg6qT/e8RS/G+U62pDyOalcwrabTcCQykZrwwpsUyB9627fu0t0L7oncGXzxz63WnJ4FRhEwJAahNmLKPB/Aj9tNo+NP+Zadt5eMJ6LitfHxxF7A7a/gzkkClQhYEhVMUwWOSKB2FnieuCBwL+BZzUP8ebqYnrXFm/ljTs3DwWqETCkqhkqCx2JQHpnE126H/CPjH2LO6dYSRjH9kAsR/dQoBoBQ6qaobLQkQjEywdjK6Q4zgLemLlf7eayNyXPZGW+pM0r0J+AIdWfpS0pMI/AScA7mhPPAzbN86ElzrkLiE1sc+0LuERpflSB9QUMqfWNPEOBPgXSDWWHXDTxE+DZfXbEthQYQsCQGkLZayjwP4Gzk3c69f3eqK5zumjiJcC3HQgFahMwpGobMeutXeAe4AFNJ3KHVCw9j4Uasd3SozJuu1T7mFh/wQKGVMGDY2mjE4jl578H7tv07ADgooy9bHea+C7woozXsWkFsgkYUtlobViBrQS6y88fCdyayelQIPYHjCP3HVumLtisAmBIOQsUGE4gXX4ee/XFnn05jvg68VfNkvPLgX1yXMQ2FRhCwJAaQtlrKLBFoP2NKP57zj370gUTxwGnOQAK1CpgSNU6ctZdm0D8HnV7UvSxwOmZOtGGYbynasdM17BZBQYRMKQGYfYiCnAMsDlxiPCIEOn7iGehrmgaddfzvnVtb3ABQ2pwci84UYGhvur7DHB083XiYRkXZkx0GO320AKG1NDiXm+qAu32RNH/nDtNtNf5PPCGqWLb7/EIGFLjGUt7Uq5A+nxUztdzHAKc3zA8L3mPVLkyVqbAOgKGlFNEgfwC3UUTuZ6Par9S/COwc/5ueQUF8gsYUvmNvYICTwd+1jDk3I283WEilqDHogkPBaoXMKSqH0I7UIFAGlJR7u7ANT3XnV5jb+DHPbdvcwqsRMCQWgm7F52YQLosPLqeI0TiHVXxrqprgadMzNfujljAkBrx4Nq1YgS6e/bluJOKcHoS8HHgncX03EIUWFLAkFoS0I8rMIfAZ5tl5+2pfb/bKf2qL1b4XTBHTZ6iQBUChlQVw2SRlQvEsvAIj/Z4PRAvP+zr+ALwWuCbwMF9NWo7CpQgYEiVMArWMHaBA5sAaft5HnA8cEsPHd8LiBWDcbwa+HIPbdqEAsUIGFLFDIWFjFhgJ+CnwC5JH38D7NvD/n0/bF7FkXNX9REPjV0rXcCQKn2ErG8sArGg4YROZzYBcVe16PFm4NPNh58AXLdoQ35OgVIFDKlSR8a6xihwIRCvjG+P2AU9fp/61gKdfRVwJhAvOHS38wUA/UgdAoZUHeNkleMQiK/9TgXi1e7tEb8nvQKIN/Vu5IgdLGJV3y+Ap23kg56rQE0ChlRNo2WtYxDoPjMVfToHOGIDnUvfvPuMZOHEBprwVAXqEDCk6hgnqxyXQPdrv+jdKc3zTbEAYq0j7sLObU7Yr3lv1Lh07I0CiYAh5XRQYHiB+NrvI8DhnUtHUMVCiG199Zfehfk71PDj5hVXIGBIrQDdSyoA7NpsYZT+PhUw8WBuN7zi72lARZi9TUUFpiBgSE1hlO1jqQKPB94zI5SOA05Lik5/g9ro71el9t26FJhLwJCai8mTFMgq8FXg5Z0rHAZ8pVkJ2P4GlSOgXgD8C7gC+GfWXtq4AgsIGFILoPkRBTIIHAmckbQbWyZFSL29+VuO36DuBHZo2v8t8AngrAx9s0kFFhYwpBam84MK9CoQiyl+CTxsRqtHNQ/u9nnBeJC4e60vAa/p8yK2pcCyAobUsoJ+XoH+BD4EvK/TXI5l5hcD+88o25DqbyxtqScBQ6onSJtRoAeBuJuK36fiTb7tETtSxFd+6z0/tZHL/2fGyX7dtxFBzx1MwJAajNoLKbCuQCw939Z7puLZqZOBzTNaieXpccwTZLO+5ou7NRdOrDs8nrAKAUNqFepeU4GtBd7a7DoR/3INsNs2kO5qFjv8Hbhf8+BvPHMVR/ymdXqzACN2Rd85aSP+7RJgj067PnPlbCxawJAqengsbiIC6XNQ8TDvu5qgOShz/28FHpn5GjavwFIChtRSfH5YgaUF0juoy5qdJdpG467nB8ky8aUvljRwD/CgPhu0LQVyCBhSOVRtU4H5BNKAuqnZKmnWJ+Nlie/dRqjEb1Xt133zXXXLa+tj78D4atBDgaIFDKmih8fiRiyQfsX3F2DPOd4pFQskbgd2BG4Grk984pUdcScWv1OtdcTnHzFiV7s2MgFDamQDaneqEEgDKgqOlxbGywv7ONqVfnG3lC6ciLa3A77Xx0VsQ4GhBAypoaS9jgJbBNKv+OIOKpadny+OAgrMFjCknBkKDCfQfQ7qeOBTw13eKylQn4AhVd+YWXGdAt2AyrFhbJ0yVq3AGgKGlNNDgfwC6Vd8cbVvAC/Nf1mvoED9AoZU/WNoD8oWiDuo2NXhIU2ZEVDxt7vLLtvqFChDwJAqYxysYpwCcbf09aRrsUQ8/mZAjXO87VUGAUMqA6pNKtDsHBEB1d5BXdU8CyWOAgpsQMCQ2gCWpyowp0A8mHuld1BzanmaAmsIGFJODwX6FYiAit3GvYPq19XWJipgSE104O12FoEIqPiKr91LL36DikUSsb+ehwIKLCBgSC2A5kcUmCEQwRR3UG1AxYaxsUWRAeV0UWAJAUNqCTw/qkAicFuycWsskohVfAaUU0SBJQUMqSUB/fjkBeJu6Rjg0EbCgJr8lBCgTwFDqk9N25qawIuBM4Fdmo7HndN+3kFNbRrY35wChlROXdses0AsiHg7sHvSyQioS8fcafumwNAChtTQ4l5vDALx1d65SUeuBl4H/HwMnbMPCpQkYEiVNBrWUoPA5uY3qLbWO5qAuqiG4q1RgdoEDKnaRsx6VyWwPbB/5w4qatkEnLeqoryuAmMXMKTGPsL2ry+B7ld80e4RwDl9XcB2FFBgawFDylmhwPoC3RcWege1vplnKNCLgCHVC6ONjFjgQ8C7gXs3fbwHOM47qBGPuF0rSsCQKmo4LKYwgQ8ARwI7JXX5FV9hg2Q54xYwpMY9vvZucYFZv0F9BHjP4k36SQUU2KiAIbVRMc+fgkBsdfTFZCeJ6HOs4IuVfB4KKDCggCE1ILaXqkIgvto7NdmLL4q+AXghcF0VPbBIBUYkYEiNaDDtytICEVBnAAd1WnK7o6VpbUCBxQQMqcXc/NQ4BW5M3gfV9vCDQCyg8FBAgRUIGFIrQPeSxQnEb1Bnzwiok4ATi6vWghSYkIAhNaHBtqszBd4EfAy4f+df4yWGewG36qaAAqsTMKRWZ++VVy/wVuDDwAM6pcSmsXu7UGL1A2QFChhSzoEpC1wJ7DkDwIUSU54V9r0oAUOqqOGwmIEFLuis5PsbEHdXnxu4Di+ngALbEDCknBpTFoiNY89q9uX7N3BU87+nbGLfFShKwJAqajgsZgUCuwHxIsNjgWtWcH0vqYACawgYUk4PBRRQQIFiBQypYofGwhRQQAEFDCnngAIKKKBAsQKGVLFDY2EKKKCAAoaUc0ABBRRQoFgBQ6rYobEwBRRQQAFDyjmggAIKKFCsgCFV7NBYmAIKKKCAIeUcUEABBRQoVsCQKnZoLEwBBRRQwJByDiiggAIKFCtgSBU7NBamgAIKKGBIOQcUUEABBYoVMKSKHRoLU0ABBRQwpJwDCiiggALFChhSxQ6NhSmggAIKGFLOAQUUUECBYgUMqWKHxsIUUEABBQwp54ACCiigQLEChlSxQ2NhCiiggAKGlHNAAQUUUKBYAUOq2KGxMAUUUEABQ8o5oIACCihQrIAhVezQWJgCCiiggCHlHFBAAQUUKFbAkCp2aCxMAQUUUMCQcg4ooIACChQrYEgVOzQWpoACCihgSDkHFFBAAQWKFTCkih0aC1NAAQUUMKScAwoooIACxQoYUsUOjYUpoIACChhSzgEFFFBAgWIFDKlih8bCFFBAAQUMKeeAAgoooECxAoZUsUNjYQoooIAChpRzQAEFFFCgWAFDqtihsTAFFFBAAUPKOaCAAgooUKyAIVXs0FiYAgoooIAh5RxQQAEFFChWwJAqdmgsTAEFFFDAkHIOKKCAAgoUK2BIFTs0FqaAAgooYEg5BxRQQAEFihUwpIodGgtTQAEFFDCknAMKKKCAAsUKGFLFDo2FKaCAAgoYUs4BBRRQQIFiBQypYofGwhRQQAEFDCnngAIKKKBAsQKGVLFDY2EKKKCAAoaUc0ABBRRQoFiB/wJpNrrWkJqAiQAAAABJRU5ErkJggg==', '50', 'data:image/png;base64,iVBORw0KGgoAAAANSUhEUgAAAakAAADGCAYAAABo+X9gAAARJElEQVR4Xu3da8g9W10H8K+U5AsVje55SEvLS0R2fJH5ogLTbgYmiaaSRimlpVJo2MUu2EVSUynSUo9mVhaoFZV2SIPSIiWJ0o6KlqaWWhpZdFGMX2d2jnOe57/Xfv772WvN3p95I/73mlm/+ax5zpeZvfaam8VGgAABAgQGFbjZoHUpiwABAgQIREi5CAgQIEBgWAEhNezQKIwAAQIEhJRrgAABAgSGFRBSww6NwggQIEBASLkGCBAgQGBYASE17NAojAABAgSElGuAAAECBIYVEFLDDo3CCBAgQEBIuQYIECBAYFgBITXs0CiMAAECBISUa4AAAQIEhhUQUsMOjcIIECBAQEi5BggQIEBgWAEhNezQKIwAAQIEhJRrgAABAgSGFRBSww6NwggQIEBASLkGCBAgQGBYASE17NAojAABAgSElGuAAAECBIYVEFLDDo3CCBAgQEBIuQYIECBAYFgBITXs0CiMAAECBISUa4AAAQIEhhUQUsMOjcIIECBAQEi5BggQIEBgWAEhNezQKIwAAQIEhJRrgAABAgSGFRBSww6NwggQIEBASLkGCBAgQGBYASE17NAojAABAgSElGuAAAECBIYVEFLDDo3CCBAgQEBIuQYIECBAYFgBITXs0CiMAAECBISUa4AAAQIEhhUQUsMOjcIIECBAQEi5BggQIEBgWAEhNezQKIwAAQIEhJRrgAABAgSGFRBSww6NwggQIEBASLkGCBAgQGBYASE17NAojAABAgSElGuAAAECBIYVEFLDDo3CCBAgQEBIuQYIECBAYFgBITXs0CiMAAECBISUa4AAAQIEhhUQUsMOjcIIECBAQEi5BggQIEBgWAEhNezQKIwAAQIEhJRrgAABAgSGFRBSww6NwggQIEBASLkGCBAgQGBYASE17NAojAABAgSElGuAAAECBIYVEFLDDo3CCBAgQEBIuQYIECBAYFgBITXs0CiMAAECBISUa4AAAQIEhhUQUsMOjcIIECBAQEi5BggQIEBgWAEhNezQKIwAAQIEhJRrgAABAgSGFRBSww6NwggQIEBASLkGCBAgQGBYASE17NAojAABAgSElGuAAAECBIYVEFLDDo3CCOwscE2SeyX5QJIbknw4yb2TfDDJ9TsfzQ4EBhAQUgMMghII7EHg1Um+astxfizJj+6hL4cgcDABIXUwah0RuDSB5yR5ZOPRBVUjlGZjCAipMcZBFQQuKnDHJG/dcWdBtSOY5v0EhFQ/ez0T2IfA7yX5ugscyN/+BdDscngBF+rhzfVIYF8C9f3SkxcH+80kT0jy0STvSnJtkvud0e52Sd69r0Ich8BlCQipy5J1XAKXL/CxRRcfSnL/JK9Z/PunJ3lPkk+e/bu//csfHz3sQcCFugdEhyDQQeBJSZ4y6/cjSZ6a5AfPqWUZaP72OwyaLncXcKHubmYPAiMI/GmSr5gV8rwk33GFwv45yadOn/9HknrcV7+fshEYWkBIDT08iiNwpsC3JHl+klvOPn1aku8/x6se99X3TzefPn9bkjuxJbAGASG1hlFSI4FPFHj9NCFi/q9X+luuyRXzH/H+YZL7QCWwBgEhtYZRUiOBjwv8SpKHLkC2/e7pLYs7pzsk+TuoBNYgIKTWMEpqJHCjQC179IIkt5+BvG7x3dTS6lZJ3pfkFtMHf5vkLkAJrEVASK1lpNRJIFkuf3TelPO5VQVbreu32d6Y5O4wCaxFQEitZaTUeeoCNTOvlj/azNArj22P+apNfff0yhnefZO86tQxnf96BITUesZKpact8Jgkz54R/E2SL24geUmSB8/affUZP/ZtOIwmBPoICKk+7nolsKvAO5PU+6I226OSPLfhIPV9VE1B32y3TVKPCW0EViEgpFYxTIo8cYFvS3LdzKDW53tskvducfncJH+f5JOmdm9OctcTt3T6KxMQUisbMOWepMDTkzx+duYPTFJBtW2rH/2+dNboZUm+edtOPicwkoCQGmk01ELgpgL1+vf68e1m+40kD2qE+q0kD5javj/J3ZLU/9oIrEZASK1mqBR6ogIvTvKQ2bnX9PGaRr5t+5Qkb0/yOVPDZyZ53LadfE5gNAEhNdqIqIfAxwWW74uqR3z1qK9lW/4+qmW6estxtSFwUAEhdVBunRHYSaAWhd3cCX1gMUtv24F+Psl3T43qEd9nbNvB5wRGFBBSI46Kmggkyxl9u9wJ1Q9+a/mjzdTzX0jyaKgE1iggpNY4amo+BYGfSPJD04nWHVW9/6l1e/i0xt+mvR/wtsppN5yAkBpuSBRE4P8E3jFbSPZFufHOqnX7pdkLEGu181r13EZglQJCapXDpugjF7g2Sb0zarPdI8kbGs95Oatv2xt7Gw+rGYE+AkKqj7teCVxJYDmrb5e/0+Wsvp9b/BCYPIFVCexy8a/qxBRLYMUCH5vV/pok9Z1S6zaf1Vf71A9439S6s3YERhMQUqONiHoIJPOQqll5NTuvdZsvKHtDkju37qgdgREFhNSIo6KmUxZYrre3y53QPZO8dob31CRPPGVM575+ASG1/jF0Bscl8Mjc+Abe2lrfGVVt6zdRr0hSQbXZTD0/rmvjJM9GSJ3ksDvpgQXqVe81+aG2Xb6PWk62qNmAFVL/NvC5Ko3AVgEhtZVIAwIHFZh/H9W6ysTyEWEVXMspbXvf1EFPTGcELiIgpC6iZh8ClycwD6mWx3V1B/WwJJ8/K2mXhWgv70wcmcAeBITUHhAdgsCeBJa/cbrS3+etknxtkl9OcutF/3dK8rY91eQwBLoKCKmu/Don8AkC85C60t1QtauAWs7cuz5J/U7q5VwJHIuAkDqWkXQexyDwjNmLCc971HfHJH+U5JrFCdfrOOr3VPX4z0bgaASE1NEMpRM5AoHfTnK/6Ty+KMlbFuf0pUleNlt4tj5+XZJfT/KsIzh/p0DgJgJCykVBYByB+aSJ5d/m7ZPUj3NrJt9me2WSn56mqo9zFiohsEcBIbVHTIcicBUCV5o0UZ/VW3bnAVXfWdXjvfotlY3A0QoIqaMdWie2MoF5SF2X5BFT/ecF1BOS1LuibASOWkBIHfXwOrkVCcyXQ5q/7v1Pktxrdh4VTPdP8sYVnZtSCVxYQEhdmM6OBPYq8NLZ47y6i6q7qRckqVfBbzaP+PZK7mBrEBBSaxglNZ6CwHzSxJOSPCBJvaF3s/1Vksf6DuoULgXnOBcQUq4HAv0F7pvkD6Yy/itJvQJ+vtUafvWG3Q/1L1UFBA4rIKQO6603AiXwoCSPSnLzJJ+ZpH6ge9ZWr+qogKrHfDYCJykgpE5y2J10B4GapVeP6+oHufWbpyttNVnihz3a6zBKuhxOQEgNNyQKOjKBWqboO6dXZ5x1an+W5MunD/49yS2P7PydDoGrEhBSV8VnZwJnCtSd0pOTfMP0xtx5o5pC/sJpOaN3JXng1Lba7PMVGxWOX5mkVkv/XWv6uVLXKiCk1jpy6h5R4A5TMD37jOLenOS7kvzx7LNvTPI7s///9Ul+f08n9tdJ7jY7lr/1PcE6zGEFXLiH9dbb8QrUXdMvJrnd4hRr2aLnJvm1M059/tuoXV4V36JYoXjnqWGtkF4L1n6wZUdtCIwkIKRGGg21rFXgxUkesij+7Ukec4U7o29N8quzfe6R5A17AqhHffVbq5o9WFs9Yqy7PBuB1QkIqdUNmYIHEajZerVcUX2n9CWzmupupe6aHr2lzh9I8lNTm3cm+bw9nVfVVa/zuM3sePu+S9tTqQ5DYLuAkNpupAWBucAXJHlYku9NctsFTU18qKWMWr5XekmSB0/71w91H78H5lolvVZLr6DabHVHVzXbCKxSQEitctgU3UGg3pRbK4/Xa9uXW7148FU7zKD7tCT1PdFmu/ueFoyt90vdZ3bc/0zyMzvU1YFVlwSuLCCkXCEEzheo6ds1jfv7Fncnmz3+NclzpjunXd7r9O1JnjcdpL6Hqu+jrma79zR9ff6Ir4533ivor6Yv+xI4qICQOii3zlYkcM8kP56kAuCsrWbs1dJGF9nqbbpPnHb8xySffZGDzPZ59+LHwhV8dQdlOaWrhLV7fwEh1X8MVDCWwBdOd0fz73XmFdYdU02KeNNVlP2KJN807X/DbKr4roc8azWLWoR2+V3ZrsfVnsAwAkJqmKFQSGeB+mHteY/1qrTnJ3naVYbT5hTfN1uJ4s9nyyLtQrBZUWIepv8wvdH3+l0OpC2BkQWE1Mijo7ZDCNR/5GsyRL0Z96w7kF1m7LXWW99l3Xpq/E9JPqt1x6ld1VwzCG8x268C6podj6M5geEFhNTwQ6TASxR40TRp4S5n9FHvd/qRJH9xCf3XKzjuOh23XgNfs/tat5pmXitVzLd6BFnLLdXdlY3AUQkIqaMaTidzjsDjpn+v3yNttvmSRPPd6o7ke5K8/BI13zF7Xceuq0GYZn6JA+PQ4wkIqfHGREX7FXj97DXsb52WC6o7jvniq5se6wWDP5vkw/st4SZHm78qvj5s+Ts86w6q9jXN/JIHy+H7CrT8cfStUO8ELi5w1n/YKyCW1/1HkjzlgI/Ldgmps1aRKJGaFfiI6ZUfFxeyJ4HBBYTU4AOkvKsSqAkGr244wqHvRlpDqu7qHjq9Yn5+GqaZNwyqJschIKSOYxydxfkCfzm9sv2sFu9J8jV7mla+yxjMQ+p/phBavkaj1gB8+BkHrUkS9VhylxUudqlNWwJDCQipoYZDMZckMJ9NV118dFoIth7x1cSFQ2413fy9iw4rdOp7sprxV2H1k+cE1HXTI75D1qsvAl0FhFRXfp0fUKC+27l2Wtj1tZ2/y1k+7tvGUI/3nnnA78y21eNzAgcTEFIHo9YRgf8XePqOr+Y49HdmhorAMAJCapihUMgJCdTKEPWiw21brXbxjM53fdtq9DmBSxUQUpfK6+AEzhWoWYfnLWJbO9X3VM9K8i8MCZyygJA65dF37r0F6o25X5ak1vL772kVippxWC9QtBEg0PhLd1AECBAgQKCLgDupLuw6JUCAAIEWASHVoqQNAQIECHQREFJd2HVKgAABAi0CQqpFSRsCBAgQ6CIgpLqw65QAAQIEWgSEVIuSNgQIECDQRUBIdWHXKQECBAi0CAipFiVtCBAgQKCLgJDqwq5TAgQIEGgREFItStoQIECAQBcBIdWFXacECBAg0CIgpFqUtCFAgACBLgJCqgu7TgkQIECgRUBItShpQ4AAAQJdBIRUF3adEiBAgECLgJBqUdKGAAECBLoICKku7DolQIAAgRYBIdWipA0BAgQIdBEQUl3YdUqAAAECLQJCqkVJGwIECBDoIiCkurDrlAABAgRaBIRUi5I2BAgQINBFQEh1YdcpAQIECLQICKkWJW0IECBAoIuAkOrCrlMCBAgQaBEQUi1K2hAgQIBAFwEh1YVdpwQIECDQIiCkWpS0IUCAAIEuAkKqC7tOCRAgQKBFQEi1KGlDgAABAl0EhFQXdp0SIECAQIuAkGpR0oYAAQIEuggIqS7sOiVAgACBFgEh1aKkDQECBAh0ERBSXdh1SoAAAQItAkKqRUkbAgQIEOgiIKS6sOuUAAECBFoEhFSLkjYECBAg0EVASHVh1ykBAgQItAgIqRYlbQgQIECgi4CQ6sKuUwIECBBoERBSLUraECBAgEAXASHVhV2nBAgQINAiIKRalLQhQIAAgS4CQqoLu04JECBAoEVASLUoaUOAAAECXQSEVBd2nRIgQIBAi4CQalHShgABAgS6CAipLuw6JUCAAIEWASHVoqQNAQIECHQREFJd2HVKgAABAi0CQqpFSRsCBAgQ6CIgpLqw65QAAQIEWgSEVIuSNgQIECDQRUBIdWHXKQECBAi0CPwvYwdl1tjIPFgAAAAASUVORK5CYII=', '45', 3, '2021-07-16 22:21:25', 'kurang rapi', 'data:image/png;base64,iVBORw0KGgoAAAANSUhEUgAAAakAAADGCAYAAABo+X9gAAALLklEQVR4Xu3dO4i0ZxkG4DtoYxHUwsKzSDrRwgOoKYxgE7FStNFCECII8QTaiQcQIgQiGhAPoIWVwUqMjRILQQKmEVtRVFSwEEQ7QXlxlgzj5k8WZnaeub9ryj+b73ue637Zm92ZnbkrHgQIECBAYKjAXUPnMhYBAgQIEIiScggIECBAYKyAkhobjcEIECBAQEk5AwQIECAwVkBJjY3GYAQIECCgpJwBAgQIEBgroKTGRmMwAgQIEFBSzgABAgQIjBVQUmOjMRgBAgQIKClngAABAgTGCiipsdEYjAABAgSUlDNAgAABAmMFlNTYaAxGgAABAkrKGSBAgACBsQJKamw0BiNAgAABJeUMECBAgMBYASU1NhqDESBAgICScgYIECBAYKyAkhobjcEIECBAQEk5AwQIECAwVkBJjY3GYAQIECCgpJwBAgQIEBgroKTGRmMwAgQIEFBSzgABAgQIjBVQUmOjMRgBAgQIKClngAABAgTGCiipsdEYjAABAgSUlDNAgAABAmMFlNTYaAxGgAABAkrKGSBAgACBsQJKamw0BiNAgAABJeUMECBAgMBYASU1NhqDESBAgICScgYIECBAYKyAkhobjcEIECBAQEk5AwQIECAwVkBJjY3GYAQIECCgpJwBAgQIEBgroKTGRmMwAgQIEFBSzgABAgQIjBVQUmOjMRgBAgQIKClngAABAgTGCiipsdEYjAABAgSUlDNAgAABAmMFlNTYaAxGgAABAkrKGSBAgACBsQJKamw0BiNAgAABJeUMECBAgMBYASU1NhqDESBAgICScgYIECBAYKyAkhobjcEIECBAQEk5AwQIECAwVkBJjY3GYAQIECCgpJwBAgQIEBgroKTGRmMwAgQIEFBSzgABAgQIjBVQUmOjMRgBAgQIKClngAABAgTGCiipsdEYjAABAgSUlDNAgAABAmMFlNTYaAxGgAABAkrKGSBAgACBsQJKamw0BiNAgAABJeUMECBAgMBYASU1NhqDESBAgICScgYIECBAYKyAkhobjcEIECBAQEk5AwQIECAwVkBJjY3GYAQIECCgpJwBAgQIEBgroKTGRmMwAgQIEFBSzgABAgQIjBVQUmOjMRgBAgQIKClngAABAgTGCiipsdEYjAABAgSUlDNAgAABAmMFlNTYaAxGgAABAkrKGZgi8MrdIH+cMpA5CBA4v4CSOn8GW5/gC0k+keRFO4hfJnn71lHsT4DA/wSUlJNwToFVUJ9N8oKDIZ5M8tZzDubeBAjMEFBSM3LY4hT3JXk0yeueYfl7kvx2izB2JkDgaQEl5TScQ+DFSX6U5N473PwDSR47x3DuSYDAHAElNSeLLU2yfs33+b2Ff5jkfQcA70ny4y2h2JUAgf8XUFJOxW0LvD/JD/Zu+rskf0/yxr1/+/fuhRT/uu3h3I8AgVkCSmpWHu3TrOehHk7ypr1F16/19ktr/aevJ/l4O4b9CBB4dgEl9exGvuI4Ancn+UWSN+xd7otJfp7kiYNb/CHJq49zW1chQOCSBZTUJad3WbMf/prvK0keSvLJg+enrrb6VJKvXtaKpiVA4NgCSurYoq53ncBLdj8tXb3cfD0H9d7dT1HrV4CHP0mta/w1yUtxEiCwbQElte38b2v7B5J88+DXfOsVflePVVKrrA4fzudtJeQ+BIYK+CYwNJiisdZLyb+R5BW7ndZ7860XTvztYMcPJflekuft/fvPkryryMIqBAjcUEBJ3RDMl99YYL1ybz0fdfX4aJJvPcNVvpbkwYP/5ozemNz/QKBHwDeAniwnbrJ+YvrV3mBPJXnzHQa9P8njSmpilGYicB4BJXUe963c9ddJXr+37Prbp/U3UHd67L8bxXqJ+v5zV1txsycBAjsBJeUonErg8K2P1k9UbznVzVyXAIFOASXVmeu5tzr8m6g1z8uS/OXcg7k/AQKXJaCkLiuvS5n2PweD+rXdpSRnTgLDBJTUsEAKxlmfAfXavT3W2x69s2AvKxAgcAYBJXUG9OJbHj4P5aPgi8O2GoHbEFBSt6G8jXtc9zyU87WN7G1J4GQCvomcjHZzF16fC/Wava19su7mjoCFCRxfQEkd33SLV1xvdXT1tkdrf89DbfEU2JnACQSU1AlQN3TJ9caxn0lyz97OP03y5V1RbYjCqgQInEJASZ1CdRvXXC+S+MjBT1D/SPLCbaxvSwIEbkNASd2Gct89VkG94+DjNf6c5NvexqgvbBsROKeAkjqn/uXe+09JXr43/nqp+fok3ScvdyWTEyAwUUBJTUxl9ky/SXL1Cbtr0vUT1L1Jfj97bNMRIHCJAkrqElM738zXfd7TI0k+fb6R3JkAgWYBJdWc7nF3Wy8xXy8133+sT9z92HFv42oECBB4WkBJOQ3PVeBLST538MXvTvKT53oBX0eAAIGbCiipm4pt8+s/nOS7B6uvclol5UGAAIGTCSipk9FWXfg7u7+J2l/K2amK2DIEZgr4RjMzl0lTvSrJ+viN5+8N9c8kd08a0iwECHQKKKnOXI+51QeTfP+aC663Qlrl5UGAAIGTCSipk9HWXPj+JI9fs82DSR6t2dIiBAiMFFBSI2MZNdR9SZ64ZqL1abvr3c49CBAgcDIBJXUy2qoLr5JaZXX18FEcVfFahsBcASU1N5tpk61P3n1bkvU+fY9NG848BAh0CiipzlxtRYAAgQoBJVURoyUIECDQKaCkOnO1FQECBCoElFRFjJYgQIBAp4CS6szVVgQIEKgQUFIVMVqCAAECnQJKqjNXWxEgQKBCQElVxGgJAgQIdAooqc5cbUWAAIEKASVVEaMlCBAg0CmgpDpztRUBAgQqBJRURYyWIECAQKeAkurM1VYECBCoEFBSFTFaggABAp0CSqozV1sRIECgQkBJVcRoCQIECHQKKKnOXG1FgACBCgElVRGjJQgQINApoKQ6c7UVAQIEKgSUVEWMliBAgECngJLqzNVWBAgQqBBQUhUxWoIAAQKdAkqqM1dbESBAoEJASVXEaAkCBAh0CiipzlxtRYAAgQoBJVURoyUIECDQKaCkOnO1FQECBCoElFRFjJYgQIBAp4CS6szVVgQIEKgQUFIVMVqCAAECnQJKqjNXWxEgQKBCQElVxGgJAgQIdAooqc5cbUWAAIEKASVVEaMlCBAg0CmgpDpztRUBAgQqBJRURYyWIECAQKeAkurM1VYECBCoEFBSFTFaggABAp0CSqozV1sRIECgQkBJVcRoCQIECHQKKKnOXG1FgACBCgElVRGjJQgQINApoKQ6c7UVAQIEKgSUVEWMliBAgECngJLqzNVWBAgQqBBQUhUxWoIAAQKdAkqqM1dbESBAoEJASVXEaAkCBAh0CiipzlxtRYAAgQoBJVURoyUIECDQKaCkOnO1FQECBCoElFRFjJYgQIBAp4CS6szVVgQIEKgQUFIVMVqCAAECnQJKqjNXWxEgQKBCQElVxGgJAgQIdAooqc5cbUWAAIEKASVVEaMlCBAg0CmgpDpztRUBAgQqBJRURYyWIECAQKeAkurM1VYECBCoEFBSFTFaggABAp0CSqozV1sRIECgQkBJVcRoCQIECHQKKKnOXG1FgACBCgElVRGjJQgQINApoKQ6c7UVAQIEKgSUVEWMliBAgECngJLqzNVWBAgQqBBQUhUxWoIAAQKdAkqqM1dbESBAoEJASVXEaAkCBAh0CiipzlxtRYAAgQoBJVURoyUIECDQKaCkOnO1FQECBCoElFRFjJYgQIBAp4CS6szVVgQIEKgQUFIVMVqCAAECnQJKqjNXWxEgQKBCQElVxGgJAgQIdAr8F/N2ZccSGwM5AAAAAElFTkSuQmCC', '33', 0, NULL, NULL, NULL, '51', 0, NULL, NULL, NULL, '2021-07-16 22:20:04', '50', '2021-07-16 22:19:19', '50', NULL, NULL, NULL, NULL),
	('60f1a6718b7f560f1a6718b7f7', '60f19fcad995260f19fcad9954', 'BPK0003/VII/2021', '2021-07-16', '0003', '0003', 'RE0003/VII/2021', '', 2, 'Murata', 'data:image/png;base64,iVBORw0KGgoAAAANSUhEUgAAAakAAADGCAYAAABo+X9gAAAPeElEQVR4Xu3de6g1e1kH8K/ROVmpXaDIsjDTP7ICI6OSSgUt8kY3T2RkGaWWiJdEtCI16A+t1CSlzMhECo+UWMegG5pRBhEeQy3Q6IpiRllQqRxQHpidc8b9vu9ee6/LM/P7DMjh3XvWrOf5PD/5MmvPmrlLbAQIECBAoKnAXZrWpSwCBAgQIBAhZREQIECAQFsBIdV2NAojQIAAASFlDRAgQIBAWwEh1XY0CiNAgAABIWUNECBAgEBbASHVdjQKI0CAAAEhZQ0QIECAQFsBIdV2NAojQIAAASFlDRAgQIBAWwEh1XY0CiNAgAABIWUNECBAgEBbASHVdjQKI0CAAAEhZQ0QIECAQFsBIdV2NAojQIAAASFlDRAgQIBAWwEh1XY0CiNAgAABIWUNECBAgEBbASHVdjQKI0CAAAEhZQ0QIECAQFsBIdV2NAojQIAAASFlDRAgQIBAWwEh1XY0CiNAgAABIWUNECBAgEBbASHVdjQKI0CAAAEhZQ0QIECAQFsBIdV2NAojQIAAASFlDRAgQIBAWwEh1XY0CiNAgAABIWUNECBAgEBbASHVdjQKI0CAAAEhZQ0QIECAQFsBIdV2NAojQIAAASFlDRAgQIBAWwEh1XY0CiNAgAABIWUNECBAgEBbASHVdjQKI0CAAAEhZQ0QIECAQFsBIdV2NAojQIAAASFlDRAgQIBAWwEh1XY0CiNAgAABIWUNECBAgEBbASHVdjQKI0CAAAEhZQ0QIECAQFsBIdV2NAojQIAAASFlDRAgQIBAWwEh1XY0CiNAgAABIWUNECBAgEBbASHVdjQKI0CAAAEhZQ0QIECAQFsBIdV2NAojQIAAASFlDRAgQIBAWwEh1XY0CiNAgAABIWUNECBAgEBbASHVdjQKI0CAAAEhZQ0QIECAQFsBIdV2NAojQIAAASFlDRA4vMD9k/xIkpuTvCHJTUk+luSOJG9N8tHDl+AdCKxTQEitc26qXo/A9yZ5VZLPuEbJH0jyU9M+6+lKpQSOJCCkjgTtbYYVeFeSOpO63vbaJN8/rJDGCVxHQEhZHgQOJ/DyJD92gcPXR34PvsB+diEwnICQGm7kGj6iwB8mefgF3u/2JF99gf3sQmA4ASE13Mg1fCSBFyd5xuK96qO/+tkPJnnc7HcvSPL8I9XlbQisSkBIrWpcil2JwEOSvHlR6weTPDXJ66b/3TL7/duSPGglvSmTwFEFhNRRub3ZAAJfkqRC5wsXvf5CkmdNP3t8kt+Y/f45SV44gI0WCewsIKR2JvMCAtcVqLOlly32eEmSZ85+9mdJvnH270cnuY0rAQKfLCCkrAoC+xN4bJJbF4d7S5KHzn72qCS/N/v3/yS5X5L3768MRyKwHQEhtZ1Z6uS0AvV3qF9Pcu9ZGRVYT58F0D2T/GKSCrOzbf4x4Gk78O4EGgoIqYZDUdLqBM47g3p9kmcn+cdZN7+W5IcWZ1Ffudhndc0rmMAhBYTUIXUdexSBOmOanx1VQL1m8XemusT8eQuQusKv9rURIHANASFlaRC4mkBdal4f9c23upy8rvA7275nujff3WY/qwsl6qyqLk23ESAgpKwBAnsXOO+2R3WRRF0sMd/elOQRsx88Icmr916NAxLYoIAzqQ0OVUtHETjv71DnfXy33K9uJFs3lLURIHABASF1ASS7EFgI1Md7P5/ka2Y/v9atjd6Z5Cum/dz+yFIisKOAkNoRzO4EkvxKkideIKDenuQB036vSPIUegQI7CYgpHbzsjeB+q7T+2YMdTeJn0nyoQXN/Gq+v07yQHQECOwuIKR2N/OKsQXmV/O9MsmTzuH4jiS/M/287nxe34WyESBwCQEhdQk0LxlW4F5JKnTukeS/kzwmyZ8uNOZ3QF/eEmlYOI0TuKyAkLqsnNeNKLC8Um95KXn9vr6wWxdK1Jd054/jGNFLzwSuLCCkrkzoAAMJ/MPi3nzzu5fXgwxflOTzkriKb6BFodXDCgipw/o6+jYE6gzp7H9nHdWZ0tOmm8fW7yqgbk7yk76ou42h66KHgJDqMQdV9BZY3vroX5P86HRvvvlVfO4k0XuOqluhgJBa4dCUfFSB5Y1h/y1J3Yvv9unRHN+e5L+S1H+Xt0M6aqHejMAWBYTUFqeqp30J3CdJPUV3/ij4+tvTO5LU96PqSr4KqPpvhZaNAIE9CwipPYM63KYElmdRfzd9zHf2cMN/mgJq/syoTQFohsCpBYTUqSfg/TsLfGxR3M9OF0bUj+tsqs6qnEF1nqDaVi8gpFY/Qg0cSKBuIPvjs2N/OMldp39XQNXfoJxBHQjfYQmcCQgpa4HA+QJ/n6T+JrXc6g4Ty4ccMiRA4EACQupAsA67aoHPSfLvST5l0cUbpzOoVTeneAJrEhBSa5qWWo8lUJeZ150j5pu7SBxL3/sQmAkIKcuBwJ0Fnp3khQuUuqrvy0ERIHB8ASF1fHPv2Ffgs5P8VZL7zkqsj/2WZ1V9O1AZgY0JCKmNDVQ7lxaogHrDORdFvDXJgy99VC8kQOBKAkLqSnxevBGBeyep+/PVf5ebv0VtZMjaWKeAkFrn3FS9P4G6nLzOoOpMqra/TPL1s8MLqf1ZOxKBnQWE1M5kXrAhgfpCbt3iqAKq7sFXt0F6ZJKHzXr84yQP31DPWiGwKgEhtapxKXaPAk+fbhJbh5zfxXx5vz5nUntEdygCuwoIqV3F7L8FgZdODyysXpY3ia07SnzzrEkXTmxh4npYrYCQWu3oFH4Jgc9N8ptJvnV6bQVS3SR2fg8+Z1KXgPUSAocSEFKHknXcbgKPSvL46THwVdu1bnHkTKrb5NQztICQGnr8wzRfF0I8cRZQdUeJ51yje2dSwywLja5BQEitYUpqvKrAvyS513SQVyR5ynUOKKSuqu31BPYoIKT2iOlQ7QQem+TWWVUXuVLvj/Z4CfrNSR6U5C+SfLSdjoIIrEBASK1gSEq8lMDyjOiWJK+/wJH2dSb15OkpvnUG954kL0ryqgu8v10IEJgJCCnLYYsCy6B5aJK3XLDRfVw48cNJXp6kzqTOtrqTxTdcsAa7ESAwCQgpS2FrAi9O8owdP+KbG/xckmfNflAXWCwf3XEjs3rU/KctdvrbJPe/0Qv9ngCBOwsIKStiSwKvTfJ9U0PvS/LdSd62Y4P1qI4Hzl7zf0kekeRTk9wx/bdulbTcKpS+KclrktzznN/fluTRO9ZidwLDCwip4ZfAJgAqFJ6b5KlTN/Xl3C+9ZGe/neQ7b/Da/0zyzCT3mR4xf/ckP5Dks67xuo9Mv3/dJWvyMgLDCgipYUe/qcbrJrF154ja6uKIn0jy3it0WFfi3XSF189f+sEkP53kl/d0PIchMJSAkBpq3Jtrtp7/VJeYf+3UWV0c8V1J/uOKnf7unj6auz3J17n8/IrT8PKhBYTU0ONfdfP1HKg6gzp7UOGrkzxhTx3VWdkvJfnMKxzvf5PUVX6/dYVjeCmB4QWE1PBLYJUA9ZiN580eVPjnSR6zhzOoOUZdife46TtOdaf0swsn6uKML7qO2geS/OoUTu9epa6iCTQSEFKNhqGUGwrUwwnrKbp1FnW2vWP694du+Or97VAPQayg+rIk9f+hdyb5gumxH1WfjQCBPQkIqT1BOszBBepjvTfPPt6rN6wznAckOWZAHbxRb0CAwCcEhJTVsAaBesz7S84JqDqjmj8Lag29qJEAgR0EhNQOWHY9iUBdxFABVR/1nW31uPcKqLp6zkaAwIYFhNSGh7uB1uoCiQqo+VYBVR/xOYPawIC1QOBGAkLqRkJ+fyqB5U1iq476G1R99OcM6lRT8b4EjiwgpI4M7u0uJPDSJE9b7FkB5W9QF+KzE4HtCAip7cxyK53Ul3LrPnjzTUBtZbr6ILCjgJDaEczuBxU4L6BO8T2ogzbp4AQIXFxASF3cyp6HFfiDJN+yeIt6AOH8i7uHrcDRCRBoJyCk2o1kuILq9kPvOqfrN04XSQwHomECBD4hIKSshlMKfFuS3z+ngD9J8rBTFua9CRDoISCkesxh1Cr+JslXLZqv70XVI9zfPyqKvgkQcCZlDZxe4J+TfPGijFcmedLpS1MBAQJdBJxJdZnEWHU8Mslti5Zfds53o8ZS0S0BAp8kIKQsilMIzB/3fvb+n5+kHrVuI0CAwP8LCCmL4RQC70ly39kbvzfJ/U5RiPckQKC3gJDqPZ+tVlc3ib3HrLk7kty01Wb1RYDA5QWE1OXtvPLyAm+f7mR+doQPJ/n0yx/OKwkQ2KqAkNrqZHv3Vc+Iqgsl7p7kI0menKRuiWQjQIDAnQSElAVxKoG608QtSW5N8u5TFeF9CRDoLSCkes9HdQQIEBhaQEgNPX7NEyBAoLeAkOo9H9URIEBgaAEhNfT4NU+AAIHeAkKq93xUR4AAgaEFhNTQ49c8AQIEegsIqd7zUR0BAgSGFhBSQ49f8wQIEOgtIKR6z0d1BAgQGFpASA09fs0TIECgt4CQ6j0f1REgQGBoASE19Pg1T4AAgd4CQqr3fFRHgACBoQWE1NDj1zwBAgR6Cwip3vNRHQECBIYWEFJDj1/zBAgQ6C0gpHrPR3UECBAYWkBIDT1+zRMgQKC3gJDqPR/VESBAYGgBITX0+DVPgACB3gJCqvd8VEeAAIGhBYTU0OPXPAECBHoLCKne81EdAQIEhhYQUkOPX/MECBDoLSCkes9HdQQIEBhaQEgNPX7NEyBAoLeAkOo9H9URIEBgaAEhNfT4NU+AAIHeAkKq93xUR4AAgaEFhNTQ49c8AQIEegsIqd7zUR0BAgSGFhBSQ49f8wQIEOgtIKR6z0d1BAgQGFpASA09fs0TIECgt4CQ6j0f1REgQGBoASE19Pg1T4AAgd4CQqr3fFRHgACBoQWE1NDj1zwBAgR6Cwip3vNRHQECBIYWEFJDj1/zBAgQ6C0gpHrPR3UECBAYWkBIDT1+zRMgQKC3gJDqPR/VESBAYGgBITX0+DVPgACB3gJCqvd8VEeAAIGhBYTU0OPXPAECBHoLCKne81EdAQIEhhYQUkOPX/MECBDoLSCkes9HdQQIEBhaQEgNPX7NEyBAoLeAkOo9H9URIEBgaAEhNfT4NU+AAIHeAkKq93xUR4AAgaEFhNTQ49c8AQIEegsIqd7zUR0BAgSGFhBSQ49f8wQIEOgtIKR6z0d1BAgQGFpASA09fs0TIECgt4CQ6j0f1REgQGBoASE19Pg1T4AAgd4CQqr3fFRHgACBoQWE1NDj1zwBAgR6Cwip3vNRHQECBIYWEFJDj1/zBAgQ6C3wcbV/LdaQ+456AAAAAElFTkSuQmCC', '50', 'data:image/png;base64,iVBORw0KGgoAAAANSUhEUgAAAakAAADGCAYAAABo+X9gAAANrklEQVR4Xu3da8h16RgH8P/ki3MOg1GjiIaYNIUiyUi+EFLGB8khIqcYKdKUmSiUMhQlNcgHNXxANF/kEDWZRmMSRQ6jcR6HySGlHLpq79rtnnfe53mufb/Pvff6rXqbmefZ17Xu+3evd/6tvdde66LYCBAgQIDApAIXTTouwyJAgAABAhFSDgICBAgQmFZASE27NAZGgAABAkLKMUCAAAEC0woIqWmXxsAIECBAQEg5BggQIEBgWgEhNe3SGBgBAgQICCnHAAECBAhMKyCkpl0aAyNAgAABIeUYIECAAIFpBYTUtEtjYAQIECAgpBwDBAgQIDCtgJCadmkMjAABAgSElGOAAAECBKYVEFLTLo2BESBAgICQcgwQIECAwLQCQmrapTEwAgQIEBBSjgECBAgQmFZASE27NAZGgAABAkLKMUCAAAEC0woIqWmXxsAIECBAQEg5BggQIEBgWgEhNe3SGBgBAgQICCnHAAECBAhMKyCkpl0aAyNAgAABIeUYIECAAIFpBYTUtEtjYAQIECAgpBwDBAgQIDCtgJCadmkMjAABAgSElGOAAAECBKYVEFLTLo2BESBAgICQcgwQIECAwLQCQmrapTEwAgQIEBBSjgECBAgQmFZASE27NAZGgAABAkLKMUCAAAEC0woIqWmXxsAIECBAQEg5BggQIEBgWgEhNe3SGBgBAgQICCnHAAECBAhMKyCkpl0aAyNAgAABIeUYIECAAIFpBYTUtEtjYAQIECAgpBwDBAgQIDCtgJCadmkMjAABAgSElGOAAAECBKYVEFLTLo2B7ZnAY5P8O8mdezZuwyUwtYCQmnp5DG5PBG5LcsXGWK9Lcu2ejN0wCUwtIKSmXh6D2wOBm5M8/YhxfivJc/Zg/IZIYGoBITX18hjc5AJXJbnxHsb4iyRfSXL15PMwPALTCgipaZfGwPZA4GtJnn+McX4myWuO8TovIUBgS0BIOSQInE7gfUmuOUGpz6lOgOWlBNYCQsqxQODkAq9L8qkjyupzqJcneUOSVySpK/7W22+SXHryXakgsGwBIbXs9Tf70wncnuTJW6Xf27qA4sokNyR5zMbrHp7krtPtUhWBZQoIqWWuu1n3BP63VX79OS6O+GaSCivvXPS8VS9YQEgtePFN/dQCmyH1nySXJakr+ba3urLvhRs/fGqS7596rwoJLFBASC1w0U25JXBJkt9tdTjX36M/JnnY6rU/TfL41p4VE1iggJBa4KKbcltg++2+c/09+kOS+hyqtp8neVx7zxoQWJiAkFrYgptuW+ApSW7d6vKEJD/Z+lmdQdWZ1Hr7UZLL23vXgMDCBITUwhbcdNsC2yH19yQPPKLrm5J8fOPnL0nypfbeNSCwMAEhtbAFN922wL2T/CPJvVad/pzk4iO6fjXJC1Y//8vqO1N3t/euAYGFCQiphS246e5E4PdJHrHRqW4kW1/k3dz+luQBqx98N8mzdrJnTQgsTEBILWzBTXcnAp9M8vqNTnVZeV1evt7qd/Wa9Vb37av799kIEDihgJA6IZiXE1h9Qbe+qLve7ti6s4Qv8TpMCOxIQEjtCFKbxQn8NskjV7P+4dZtkjYvUf9CkpctTseECexIQEjtCFKbxQn8MsmjN2Zd9+irM6q6oq+u7Ftv9SiPmxanY8IEdiQgpHYEqc3iBP6a5EEbs67vRVVQ3bLxs68ned7iZEyYwA4FhNQOMbValMCfkjx0NeO6DL3uJlGXnT9zQ6He5qu3+2wECJxSQEidEk7Z4gU23+67c/VYjvduqLwjyUcWrwSAQFNASDUBlS9WoG6NVHefqO1fSe6zIVFnWVcd8d2pxWKZOIHTCgip08qpW7JAXTBRZ1JHbfXIjtcKqCUfHua+SwEhtUtNvZYicNRNZmvu9fnTe5L8bCkQ5klgtICQGi2s/yEKPDFJ3dV8c7s2ybedQR3icpvTWQoIqbPUt+99E6hLzt+f5M1bA/esqH1bSePdGwEhtTdLZaBnKFDh9LYkb9/6btR6SPXcqLoEvR7bYSNAYIcCQmqHmFodnECF06tW4bR5d4n6km7d2bze4ltv123998FhmBCBsxAQUmehbp/7IFBnTXX2tBlOv1oFVj28sO7bV/fvW291Vd/TktSzo2wECOxIQEjtCFKbgxF4dZL6Uu5mONXkjjpTqjOpzS/weiTHwRwGJjKLgJCaZSWM46wFzhVOX169jfeDIwZ4ZZL6/frx8d9I8tyznoj9EzgkASF1SKtpLqcRqHCqt/Wu2Cqut/bqd9tP3N3ex+Zj4uu19ZReGwECOxIQUjuC1GbvBM515rT5udNxJlV9Pr3xwkcl+fVxCr2GAIHzCwip8xt5xeEI1NV6L169fbf9mVOFU33GdNLHvG8/Kr4eI1+Pk7cRILADASG1A0Qtphe4f5J3rr6Ee/ERb+tdn6T+nGbbDikXT5xGUQ2BcwgIKYfGIQvUhQ31lNz6Zz2UcHO7fRVMJz1z2vbavo/fh5K8+5BRzY3AhRQQUhdS274uhMClSZ6xEU5H7XPXZzv13agHr3b0uSSvvBATtQ8CSxAQUktY5WXMsc6U6p56L03ypHNMud7Su3oARz3csL78u97cfWIAspbLFBBSy1z3Q5p1nTXV85tedMRbeut5fmL15NxRFzTU5eu3baDeneSjbpN0SIeZuZyVgJA6K3n77QjUxQpvTHLfJJfdQ6O6x94NST7f2dkxa29cPY13/fJ6lMdbjvE9q2O29zICyxQQUstc932ZdV3wUH/qLbyHrO6Xd5yx18UQ9QDC71zAO5PXOOvzqPpMzNt+x1klryFwDAEhdQwkLzkTgXr7bPsuEOcbyOi39c63/+17+f03yQeSXHO+Qr8nQOBoASHlyJhR4F1JPnjMgd2R5LOrL+HWv5/19rEkb90YRN0qqZ7Yu/lYj7Meo/0T2BsBIbU3S7WogW6fkWxP/q7VrYhumvAzn7qTxc1JLtkY9D+TfFhQLeoYNtkdCQipHUFqs3OBW5PUF2XXW12IUP+jrzOTGc6Y7mnCFbLPXn2etjn+y3eupCGBAxcQUge+wHs+vboYoc5Mbkny4z2bSwVV3Yrpfqtxu0P6ni2g4c4hIKTmWAejOEyBCqq6MrG2L3q77zAX2azGCgipsb66EyBAgEBDQEg18JQSIECAwFgBITXWV3cCBAgQaAgIqQaeUgIECBAYKyCkxvrqToAAAQINASHVwFNKgAABAmMFhNRYX90JECBAoCEgpBp4SgkQIEBgrICQGuurOwECBAg0BIRUA08pAQIECIwVEFJjfXUnQIAAgYaAkGrgKSVAgACBsQJCaqyv7gQIECDQEBBSDTylBAgQIDBWQEiN9dWdAAECBBoCQqqBp5QAAQIExgoIqbG+uhMgQIBAQ0BINfCUEiBAgMBYASE11ld3AgQIEGgICKkGnlICBAgQGCsgpMb66k6AAAECDQEh1cBTSoAAAQJjBYTUWF/dCRAgQKAhIKQaeEoJECBAYKyAkBrrqzsBAgQINASEVANPKQECBAiMFRBSY311J0CAAIGGgJBq4CklQIAAgbECQmqsr+4ECBAg0BAQUg08pQQIECAwVkBIjfXVnQABAgQaAkKqgaeUAAECBMYKCKmxvroTIECAQENASDXwlBIgQIDAWAEhNdZXdwIECBBoCAipBp5SAgQIEBgrIKTG+upOgAABAg0BIdXAU0qAAAECYwWE1Fhf3QkQIECgISCkGnhKCRAgQGCsgJAa66s7AQIECDQEhFQDTykBAgQIjBUQUmN9dSdAgACBhoCQauApJUCAAIGxAkJqrK/uBAgQINAQEFINPKUECBAgMFZASI311Z0AAQIEGgJCqoGnlAABAgTGCgipsb66EyBAgEBDQEg18JQSIECAwFgBITXWV3cCBAgQaAgIqQaeUgIECBAYKyCkxvrqToAAAQINASHVwFNKgAABAmMFhNRYX90JECBAoCEgpBp4SgkQIEBgrICQGuurOwECBAg0BIRUA08pAQIECIwVEFJjfXUnQIAAgYaAkGrgKSVAgACBsQJCaqyv7gQIECDQEBBSDTylBAgQIDBWQEiN9dWdAAECBBoCQqqBp5QAAQIExgoIqbG+uhMgQIBAQ0BINfCUEiBAgMBYASE11ld3AgQIEGgICKkGnlICBAgQGCsgpMb66k6AAAECDQEh1cBTSoAAAQJjBYTUWF/dCRAgQKAhIKQaeEoJECBAYKyAkBrrqzsBAgQINASEVANPKQECBAiMFRBSY311J0CAAIGGgJBq4CklQIAAgbECQmqsr+4ECBAg0BAQUg08pQQIECAwVkBIjfXVnQABAgQaAkKqgaeUAAECBMYKCKmxvroTIECAQENASDXwlBIgQIDAWAEhNdZXdwIECBBoCAipBp5SAgQIEBgrIKTG+upOgAABAg0BIdXAU0qAAAECYwWE1Fhf3QkQIECgISCkGnhKCRAgQGCsgJAa66s7AQIECDQEhFQDTykBAgQIjBUQUmN9dSdAgACBhoCQauApJUCAAIGxAkJqrK/uBAgQINAQEFINPKUECBAgMFZASI311Z0AAQIEGgJCqoGnlAABAgTGCgipsb66EyBAgEBDQEg18JQSIECAwFgBITXWV3cCBAgQaAgIqQaeUgIECBAYKyCkxvrqToAAAQINASHVwFNKgAABAmMF/g8YfcbHUwac+QAAAABJRU5ErkJggg==', '45', 1, '2021-07-16 22:48:43', '', 'data:image/png;base64,iVBORw0KGgoAAAANSUhEUgAAAakAAADGCAYAAABo+X9gAAAQv0lEQVR4Xu3de6g9a1kH8K90IbTMomOQniiTTC3JykqNTsUJUuxYaSdCM4vuSeopSYsoqz86IeopM9JOFpmgBuWlxEuZpGhlZGSSpqYo2gVSMP8LjEdm0cti7/Nbe6+113pm5jMglHutmef9PO/PLzNr5p07xUaAAAECBJoK3KlpXcoiQIAAAQIRUiYBAQIECLQVEFJtW6MwAgQIEBBS5gABAgQItBUQUm1bozACBAgQEFLmAAECBAi0FRBSbVujMAIECBAQUuYAAQIECLQVEFJtW6MwAgQIEBBS5gABAgQItBUQUm1bozACBAgQEFLmAAECBAi0FRBSbVujMAIECBAQUuYAAQIECLQVEFJtW6MwAgQIEBBS5gABAgQItBUQUm1bozACBAgQEFLmAAECBAi0FRBSbVujMAIECBAQUuYAAQIECLQVEFJtW6MwAgQIEBBS5gABAgQItBUQUm1bozACBAgQEFLmAAECBAi0FRBSbVujMAIECBAQUuYAAQIECLQVEFJtW6MwAgQIEBBS5gABAgQItBUQUm1bozACBAgQEFLmAAECBAi0FRBSbVujMAIECBAQUuYAAQIECLQVEFJtW6MwAgQIEBBS5gABAgQItBUQUm1bozACBAgQEFLmAAECBAi0FRBSbVujMAIECBAQUuYAAQIECLQVEFJtW6MwAgQIEBBS5gABAgQItBUQUm1bozACBAgQEFLmAAECBAi0FRBSbVujMAIECBAQUuYAAQIECLQVEFJtW6MwAgQIEBBS5gABAgQItBUQUm1bozACBAgQEFLmwBwErktyrySfleR1cyhYjQQIHEZASB3G0V6uRuAZSR6V5B5JPm04xJuT3JbkxVdzWHslQKCLgJDq0gl1bATul+TmJL+4I8nTk/zSjp/1MQIEZiYgpGbWsIWXe2OSZye5/wXHaR5fEMzHCcxFwD/uuXRq+XXW2dAt0+9O5432E0nOmrPPm86mPrx8JiMksC4BIbWufncdbQXUDUm+6YwC/y7JLyd5ZZK6geIl53zu/UlemuQpXQepLgIELi4gpC5u5huHFaiA+pkkd9na7bOS/G6Sd5xxuC9J8u5zyqjvPSfJew9bpr0RIHAKASF1CnXH3AhUQP1wki8YSN6S5I07nBHVd8+7uaLOqOrmCxsBAjMXEFIzb+CMy39Eklds1f/xJHXb+a5369WzU48757csd/3NeHIoncBGQEiZC6cQqBD6+SSfOhz8Q0mef4GAGuuuuwJfe8ZAzO9TdNcxCRxQwD/iA2La1U4C512m2/fMp266eHWSTx+qML93aokPEegr4B9x394ssbJfSfK0JJ8yDO5/k3zndPfevmP+WJLPnHbykWkppY/uu1PfJ0DgdAJC6nT2azzy27ce1K3ljV5zyUt8Z/lVMN1t+kOF0+esEdmYCSxJQEgtqZu9x3JTkpcNJf57kgcned8Byx5Dqh7sHe8aPOBh7IoAgWMJCKljSTvO7Ul+cGCoVSJ+9MAsr9960PeLDxyCBy7X7ggQuJaAkLqWkL8fSuC/knzesLOvSfL3h9r5tJ8PJLnn9H+/K8l9Drx/uyNA4MgCQurI4Cs+3DEuxf1HkrtPxu9Jcu8Vexs6gUUICKlFtHEWgxgD5D+TfP6Bq65b0Oty32arNf++9sDHsDsCBI4sIKSODL7iw42X4j6Y5PoDW9RSSI8e9vnIJC8/8DHsjgCBIwsIqSODr/hwdfmtljGqre7oq5saDrU9LMkfJ7nztMNbkzz1UDu3HwIETicgpE5nv7Yj11nNtw+DvmuSevh23+27p9d3bPbzb9NdhH+17459nwCB0wsIqdP3YC0V1Huefn0Y7E8mee4BBv+iJN877eefkzwhiYA6AKxdEOggIKQ6dGEdNXxRkncOa+u9LckD9xz6Vyd567CPq7itfc8SfZ0AgX0EhNQ+er57UYE607nf9KVaceK+SfZZW69eJ7/ZvjXJ6y5akM8TINBbQEj17s/SqntSknpz7mb7riR/cslBPjnJM6fv1nupatklGwECCxMQUgtraPPhbD/LVL8dffMlax7Poix/dElEXyPQXUBIde/Q8ur7syQPH4ZVK0TUkkkX2cY7+n4/yQ9c5Ms+S4DAfASE1Hx6tZRKH5/kBcNgLnqX33VJ/jZJ3YhRm7OopcwM4yBwhoCQMi2OLVDhUssXbUKmVoq4+QJF3DDcYu4s6gJwPkpgjgJCao5dm3/N26+Qf0ySet5pl+1Pk9SSR7WZv7uI+QyBGQv4Rz7j5s289Fq/7x7TGH4hya/uMJ7xxgtnUTuA+QiBuQsIqbl3cL711+9S9ftUbfVeqXoQ91rbm5I8ZPpQ3RVoZYlrifk7gZkLCKmZN3DG5ddDvfVw72art/TW23rP2x6a5I3TH+uh3Xp410aAwMIFhNTCG9x8eC9MUr9H1faPSb4lyX+fU3M9uFsP8NZ2y9ZDwc2HqTwCBC4rIKQuK+d7hxCo55t+b9hR3VDx9HN2XLedP+gClwYPUZ99ECBwYgEhdeIGOHxeleTbJof3JvmGJB/ecnHDhIlCYKUCQmqljW807LrE9xdDPXUmVWdU4/aSJLXKRG0e3m3UPKUQuGoBIXXVwva/i8DvJPmR6YMfSVILz27u3KuHfutFhrXts9bfLnX4DAECzQSEVLOGrLSc7YVnx7Op8Vb1s86yVkpm2ATWISCk1tHnOYxyDKN60Pf6qeh6qWG93HDXZ6nmMFY1EiCwo4CQ2hHKx65coM6mbk9yr+lIdZt5bZt3Rllh4spb4AAE+gkIqX49WXNF45p+70vy8ST3n0DcMLHmmWHsqxUQUqttfcuBf12St5xRmbOolu1SFIGrFxBSV2/sCBcTqNd41KW/cbNO38UMfZrAYgSE1GJauZiBPDbJHw6jqWWSHmUx2cX010AIXEhASF2Iy4ePJPCJrePUixGfK6iOpO8wBBoJCKlGzVDKJwVuSvKyMyyeNS0si4kAgRUJCKkVNXsGQ63VJf46yT2nWt+RpF7psdlqxYnbktTbeW0ECKxAQEitoMkzGmItjVRLJNVW75p6QpKfGNbt2wylVk+vO/5sBAgsXEBILbzBMxre9ksQxyWQzrrjz+9UM2quUglcVkBIXVbO9w4tMD7IOy6LtDnO+PfNf1dnW98/LZl06HrsjwCBBgJCqkETlJA7T6tLbCjqOak3nOHy+CmUtp+jemqSWzkSILA8ASG1vJ7OcUTjWdIur+Ood0v92rDOX4253jn1tCT14kQbAQILERBSC2nkzIdR74uqO/tqq4d5/2jH8bw2yY3DZ+vyX51VvXLH7/sYAQLNBYRU8watoLzxXVKXeR1HnVXVWdS4/VSS31yBnSESWLyAkFp8i9sP8J1JvvQSZ1HjwB48BdXm+ar6Wz38+3KrVLTvvwIJ3KGAkDJBTikwPhdVddw3yb/sUdBvTc9VbXbx5iQ/J6j2EPVVAicWEFInbsCKD3+3JPX801dOBvWKjjoj2nd7YZLHDDup29m/T1Dty+r7BE4jIKRO4+6oyfZvSePDu/v6nPVM1S53De57XN8nQODAAkLqwKB2t7NALX9Ul/s2276X+rYPXDdkPGd4s+/m799xzgK2OxfugwQIHE9ASB3P2pH+X2B7CaRDXeo7y/jHkvx4kgcMf6x1/+rMrV5RbyNAoLGAkGrcnAWXVsHx28P4Dnmp7zy2NyV5yPDHjyZ59hRWC6Y2NALzFhBS8+7fXKv/8yQPG4o/1uvh61JfnUV99nDstyV5shsr5jqV1L10ASG19A73G9/48O6mumPPwzqDqnUAx7Cqd1TVK0DqDMtGgEATgWP/j0OTYSvjhALbd949I8lTTlBP3fpeYXXD1iXAqu8PhNUJOuKQBM4QEFKmxbEF/jXJvYeDfn2Svzl2EcPx6oyqwmo8q6obKuoSoDcAn7AxDk2gBISUeXBMge2zqHcluc8xCzjnWPVgcdX2xK2/17NVFVb1u5WNAIETCAipE6Cv9JC1ynmtdj5utWr5lzfyqEuAT5reWTWW5Zb1Rk1SyroEhNS6+n3K0b5gullhrOHmJPUa+G5bhVWdWT1yq7C6LHib56u6tUs9SxYQUkvubq+xvX1r9YfLvJbj2COqs78Kq3pF/War36vqxor6720ECFyxgJC6YmC7/6TAI5K8Ysui/v+bZuKzCat6zmq8weKHktw+kzEok8AsBYTULNs2u6LPejbqWA/wHhKrbrCouwHrXVXjVitm1E0W9R8bAQIHFBBSB8S0qzsU+IfhtRx1t9wDZ+5Vl/sePVzCrJtA3jD9xiasZt5c5fcREFJ9erGGSn52GuStCxns5yapV9U/NMmNw5jqZpAXTWdWVrBYSLMN4zQCQuo07o66LIEKq1qLsH6jqkubm+1DSZ7vUuCymm00xxUQUsf1drTlC1RYbf4zrqxRz1p9LMlvJHn38hmMkMBhBITUYRzthcBZAvW7Vb07q95CPG71m9XmZgtyBAjcgYCQMj0IXL1AXQKsJZfqFvZxe3WSeuFjLbL7P1dfhiMQmJ+AkJpfz1Q8X4G6/PfYaeX18berD043WrzKbezzba7Kr0ZASF2Nq70S2EWgXv5YdwbedfhwBdVfJnnrNQLr+uk7H9jlQD5DYK4CQmqunVP3UgRqNYtbppstxhstanz129U/JXnm1nqBrx/uIqzP1IPRNgKLFBBSi2yrQc1UoG60+KokX5Gkwmvcas3A1yT5siTfuPW3Crf3zHTMyiZwhwJCygQh0FOgAuvhSR60Q3lfmMRlvx2gfGR+AkJqfj1T8boE6iypFuit14Zct7WS/EbCv+N1zYlVjdbkXlW7DXbmAp+R5HuS/PR0SbCGU89beW3IzBur/PMFhJTZQYAAAQJtBYRU29YojAABAgSElDlAgAABAm0FhFTb1iiMAAECBISUOUCAAAECbQWEVNvWKIwAAQIEhJQ5QIAAAQJtBYRU29YojAABAgSElDlAgAABAm0FhFTb1iiMAAECBISUOUCAAAECbQWEVNvWKIwAAQIEhJQ5QIAAAQJtBYRU29YojAABAgSElDlAgAABAm0FhFTb1iiMAAECBISUOUCAAAECbQWEVNvWKIwAAQIEhJQ5QIAAAQJtBYRU29YojAABAgSElDlAgAABAm0FhFTb1iiMAAECBISUOUCAAAECbQWEVNvWKIwAAQIEhJQ5QIAAAQJtBYRU29YojAABAgSElDlAgAABAm0FhFTb1iiMAAECBISUOUCAAAECbQWEVNvWKIwAAQIEhJQ5QIAAAQJtBYRU29YojAABAgSElDlAgAABAm0FhFTb1iiMAAECBISUOUCAAAECbQWEVNvWKIwAAQIEhJQ5QIAAAQJtBYRU29YojAABAgSElDlAgAABAm0FhFTb1iiMAAECBISUOUCAAAECbQWEVNvWKIwAAQIEhJQ5QIAAAQJtBYRU29YojAABAgSElDlAgAABAm0FhFTb1iiMAAECBISUOUCAAAECbQWEVNvWKIwAAQIEhJQ5QIAAAQJtBYRU29YojAABAgSElDlAgAABAm0FhFTb1iiMAAECBISUOUCAAAECbQWEVNvWKIwAAQIEhJQ5QIAAAQJtBYRU29YojAABAgSElDlAgAABAm0FhFTb1iiMAAECBISUOUCAAAECbQWEVNvWKIwAAQIEhJQ5QIAAAQJtBYRU29YojAABAgSElDlAgAABAm0FhFTb1iiMAAECBISUOUCAAAECbQX+DywfYNb5kaXXAAAAAElFTkSuQmCC', '33', 1, '2021-07-16 22:49:03', '', 'data:image/png;base64,iVBORw0KGgoAAAANSUhEUgAAASkAAADGCAYAAACO/HZhAAAKVklEQVR4Xu3dS8h9+xzH8c9hqii5xSkmChPXYiIGjJAJMVAyMRAlJ4YYSscl5ZQSSikGchuIOiZyya1ciomTXIpEGcqlH/upbfXs/7Mfz7781me/Vp1O//9/P2t9P+/Pr3drP3vtte6LDQEEEJiYwH0Tz2Y0BBBAICRlESCAwNQESGrqegyHAAIkZQ0ggMDUBEhq6noMhwACJGUNIIDA1ARIaup6DIcAAiRlDSCAwNQESGrqegyHAAIkZQ0ggMDUBEhq6noMhwACJGUNIIDA1ARIaup6DIcAAiRlDSCAwNQESGrqegyHAAIkZQ0ggMDUBEhq6noMhwACJGUNIIDA1ARIaup6DIcAAiRlDSCAwNQESGrqegyHAAIkZQ0ggMDUBEhq6noMhwACJGUNIIDA1ARIaup6DIcAAiRlDSCAwNQESGrqegyHAAIkZQ0ggMDUBEhq6noMhwACJGUNIIDA1ARIaup6DIcAAiRlDSCAwNQESGrqegyHAAIkZQ0ggMDUBEhq6noMhwACJGUNIIDA1ARIaup6DIcAAiRlDSCAwNQESGrqegyHAAIkZQ0ggMDUBEhq6noMhwACJGUNIIDA1ARIaup6DIcAAiRlDSCAwNQESGrqegyHAAIkZQ0ggMDUBEhq6noMhwACJHW5a+B1Sf6U5FuXi0DyNRAgqTW0dPgZH07ysq3dvj/J+w5/GHtE4O4ESOruDNe2hyGnIald28eSvGNtoczbS4CkervdlWycMb33htjjLeDLLw+NxDMSIKkZWznuTDedSV0d3VvA4/Zg73sSIKk9QRW9bJek/pnkUYuc1kdR8WuNYhGutbm7zf2va2T0hCR/XPz9g0keuNuh/DQCdyNAUnfjt9afvk5SI8v3k7xoK9QjSZ6x1pDm7iBAUh093jbFLkm9KslXtnb29yRP3VxPddtjeD0CByFAUgfBuKqdPD3JrxcTj7OlcdY0tqXAXpzke6tKaNgqAiRVVefeYXadSX0wybuSbK+LVyT55t579kIEDkyApA4MdCW7+8fWJ3njU71Hb+b+eZJnLzJYIysptXVMC7C12Xvn+u3md03jVb9L8rQkL0jyg8WPuVbqMtfHVKlJaqo6TjbMdW/3Xpnk61sTfCHJ6082kQMhsIMASV3m0tiW1PgE70lJvrE5m7oi8kSf6l3m4pgtNUnN1sjx53lykj8sDvP8JD/a+rvvJnnJ8UdxBARuJkBSNzNqfMXy7d6fkzx+K+h4mzfe7tkQODsBkjp7BWcZ4ENJ3rnjyD9M8sKzTOWgCFxDgKQuc1k8JsnfdkT3id5lrolpU5PUtNUcfbAvJ3n14ijjEoTt7+4dfQgHQOAmAiR1E6Hef/9Zkucs4r0lyad6I0u2RgIktcbWDjPz8pfnV3sdd+T0cIbDMLaXAxAgqQNAXNkuHpfk29d8/eUqxl+TfNSDGVbWavG4JFVc7o5or03yxa1/G1+LGbdjWW6fTjI+Bfzp5SGSeCYCJDVTG6eZ5fNJxjP3rrY3b25st+vhDL9K8rnNW0BvA0/TkaNsESCpy1oOT0ny+63IX936hO/DSV6aZFx9fq9tiGpc6Dn+Gw8XtSFwVAIkdVS80+18nEGNM6mr7a1JPrH153E3hHcnefstJh/S+mSSz97iZ7wUgb0JkNTeqCpeON62vWGTZPyCfNw7avk9vvHPQ1YPbf4/7tr52D3Tj7OrIb2/JPmNM609qXnZPQmQ1OUskOWjrMYXisc9pG7axlvEcdHnGxePZr/p58a/j4tDf7m5s+fXSGsfZF6zJEBSl7Mmlk8ufluSj/8f8YfsnrkR1hDY+PM+2/Zz/T6TZPzC3obAjQRI6kZENS8YZzXbZ07javNfHCjdlajGpQzjwQ3jgtDl1ezLQ3mU+4Hgt++GpNob/m++5VnUKQTxpo2oxldtxoNHr9vcEuYy1t+dUpLUnfCt4ofHzevGs/S27xd1yjsdDEGNTxSve1voKzirWELnHZKkzsv/2EdfnkGN4+37C/NDz/bwQlSnOJs7dAb7OwMBkjoD9BMd8jpBjUN/5B43vDv2aOM6rXFm9x13/jw26p79k1RPl8sk4zqo5fVNDyZ5oDeyZI0ESKqx1WT5eKrxRJhxBjNuDWxDYFUESGpVde097PLCzUc2XyLeewdeiMAsBEhqliYOO8drknxpscvx9ZYhKxsCqyJAUquq61bDXveU4lvtwIsRmIEASc3QwuFnWL7dG0fQ9eE52+MJCFi4J4B8hkMsb8kyRnBd0hmKcMi7EyCpuzOccQ/3b26VspzN11BmbMtM9yRAUr0L5MdJnruI52sovX3XJiOp2mr/E2zc5eBZm4g/SfK87rjSNRIgqcZW/zfTezZ//EB/VAkbCZBUY6syIVBEgKSKyhQFgUYCJNXYqkwIFBEgqaIyRUGgkQBJNbYqEwJFBEiqqExREGgkQFKNrcqEQBEBkioqUxQEGgmQVGOrMiFQRICkisoUBYFGAiTV2KpMCBQRIKmiMkVBoJEASTW2KhMCRQRIqqhMURBoJEBSja3KhEARAZIqKlMUBBoJkFRjqzIhUESApIrKFAWBRgIk1diqTAgUESCpojJFQaCRAEk1tioTAkUESKqoTFEQaCRAUo2tyoRAEQGSKipTFAQaCZBUY6syIVBEgKSKyhQFgUYCJNXYqkwIFBEgqaIyRUGgkQBJNbYqEwJFBEiqqExREGgkQFKNrcqEQBEBkioqUxQEGgmQVGOrMiFQRICkisoUBYFGAiTV2KpMCBQRIKmiMkVBoJEASTW2KhMCRQRIqqhMURBoJEBSja3KhEARAZIqKlMUBBoJkFRjqzIhUESApIrKFAWBRgIk1diqTAgUESCpojJFQaCRAEk1tioTAkUESKqoTFEQaCRAUo2tyoRAEQGSKipTFAQaCZBUY6syIVBEgKSKyhQFgUYCJNXYqkwIFBEgqaIyRUGgkQBJNbYqEwJFBEiqqExREGgkQFKNrcqEQBEBkioqUxQEGgmQVGOrMiFQRICkisoUBYFGAiTV2KpMCBQRIKmiMkVBoJEASTW2KhMCRQRIqqhMURBoJEBSja3KhEARAZIqKlMUBBoJkFRjqzIhUESApIrKFAWBRgIk1diqTAgUESCpojJFQaCRAEk1tioTAkUESKqoTFEQaCRAUo2tyoRAEQGSKipTFAQaCZBUY6syIVBEgKSKyhQFgUYCJNXYqkwIFBEgqaIyRUGgkQBJNbYqEwJFBEiqqExREGgkQFKNrcqEQBEBkioqUxQEGgmQVGOrMiFQRICkisoUBYFGAiTV2KpMCBQRIKmiMkVBoJEASTW2KhMCRQRIqqhMURBoJEBSja3KhEARAZIqKlMUBBoJkFRjqzIhUESApIrKFAWBRgIk1diqTAgUESCpojJFQaCRAEk1tioTAkUESKqoTFEQaCRAUo2tyoRAEQGSKipTFAQaCZBUY6syIVBEgKSKyhQFgUYCJNXYqkwIFBEgqaIyRUGgkQBJNbYqEwJFBEiqqExREGgkQFKNrcqEQBEBkioqUxQEGgn8G0S6jsftOJNCAAAAAElFTkSuQmCC', '51', 1, '2021-07-16 22:50:51', '', 'data:image/png;base64,iVBORw0KGgoAAAANSUhEUgAAASkAAADGCAYAAACO/HZhAAANXElEQVR4Xu2dW+g1VRnGH7PywgJLSkOptLTDJ6nUTQfR7syKSisDbz7JFDKMTJKIqG6iTFMUjUKxiyhI0vCQKYKamjemknaSUsvO2oEOmBEkL8yG5WJmz8y3Z/b/fd/5rcs9s9e8z+9ZPMxxrb1EgwAEIOCYwF6Oa6M0CEAAAiKkGAQQgIBrAoSUa3soDgIQIKQYAxCAgGsChJRreygOAhAgpBgDEICAawKElGt7KA4CECCkGAMQgIBrAoSUa3soDgIQIKQYAxCAgGsChJRreygOAhAgpBgDEICAawKElGt7KA4CECCkGAMQgIBrAoSUa3soDgIQIKQYAxCAgGsChJRreygOAhAgpBgDEICAawKElGt7KA4CECCkGAMQgIBrAoSUa3soDgIQIKQYAxCAgGsChJRreygOAhAgpBgDEICAawKElGt7KA4CECCkGAMQgIBrAoSUa3soDgIQIKQYAxCAgGsChJRreygOAhAgpBgDEICAawKElGt7KA4CECCkGAMQgIBrAoSUa3soDgIQIKQYAxCAgGsChJRreygOAhAgpBgDEICAawKElGt7KA4CECCkGAMQgIBrAoSUa3soDgIQIKQYAxCAgGsChJRreygOAhAgpBgDEICAawKElGt7KA4CECCkGAMQgIBrAoSUa3soDgIQIKQYAxCAgGsChJRreygOAhAgpBgDEICAawKElGt7KA4CECCkGAMQgIBrAoSUa3soDgIQIKQYAxCAgGsChJRreygOAhAgpBgDNYH3NT9cBRoIeCBASHlwwU8Nt0o6rijnTknH+CmPSpZIgJBaouvtmi2cLKTa2g8l/UDSJ8EFgW0TIKS2Tdzv8a6UtHtAeZ+T9NkB+7ELBCYhQEhNgjFFJ3+TtN9AJQTVQFDstjkBQmpzhll6+H8l5AZJb+8Q93dJR0t6NIt4dPglQEj59WabldkTvW8XB3xK0hsk/UXS6yW9X9IHJD2n2OdCSWdvs0iOtUwChNQyfa9VPyFp/+LHKySdVu10raR3Vr+9TtIDIITAnAQIqTnpxum7vtTrCp8HJe0qZH1N0hlxZFJpRAKEVETXpq35RZL+XHT5pKSDJNmN9Lq9Q9J11Y+MoWn9oDcGGGOgInCwpMeK3x6X9OI1lOqzLkKKITUrAQbYrHhDdG43xu8pKrUndoesqdwCzYLN2n8lHdhx1hVCPEX6J0BI+fdoGxWWZ0e/by73uo77K0mHNhv/1+xbXi5uo16OsSAChNSCzF4j1c6k7IzKWt+Z1M8lvaro6xxJF4ARAnMRIKTmIhur319LemlT8m8kvWxN+ZdK+vCIy8NYJKjWHQFCyp0lO1KQfUD8xubId0t605oqXi7pkWL7vyU9b0eq5qCLIEBILcLmXpF2T8leRbDW93TP9uEJXy9SdpiKACE1FcnY/YwNnT80T/VM9R8lvSS2fKr3TICQ8uzO9mqzyze7jLPWd+Pc9ilnTLCPjV+wvVI50tIIEFJLc7xdbzkj522S3tqDhZBi3GyNACG1NdSuD2QzIJRzm9usB+ta+crCj5oZE1wLpLi4BAipuN5NWfmNko5vOvy+pLf1dD72RvuUtdLXwggQUgszvEOuLbjw5mbbXZLe0oPlX5L2bfbhFQTG0KwECKlZ8Ybp/HJJH2yqbZtLqhYy9kZ7GBAU6o8AIeXPk52oqFyEYcgcUfdJOqop1Ca9s/mnaBCYhQAhNQvWcJ3a6i+faaoessjCPyQ9v9nfPjIupxUOJ56CfRMgpHz7s63qbCI7m9DO2vUt0wSvu9yzbZuMIwvIY5sD3M5yWduyPM5xNhlccVRSaR+BsTfOfybp1U2ntljDYRvMKVU+KfyJpCP6imX7sggQUsvyu0vtFySd22zsu3Fus3b+TtKzm/0flvSKPcRYXmZaF0OeLO7hofhbVAKEVFTnpq27nAXh65JOXdP9xyWdX2zf5OynnEDPuvySpE9MK43eohMgpKI7OE395RvkfU/3/lp9q3eCJHsZdGyrz6I2Cbuxx2b/QAQIqUBmzVjq0JCyN9G/V9Rhs3S+Zg/qOk7SNdWy7nb2ZmdxNAg8gwAhxYAwAjbdygENil82N8LbyJTf+Nn2qyWdNBJhvVqy/f3eYvrikd2xe3YChFR2h4fpK8PnDknv6nhaVz6Js55t1WO7/BvabGl2W67dVpgp20WSPja0E/ZbFgFCall+d6n9qqTTi43flHRKy85/Ktbks8BanX31UbS5qs4rZloo9x/y8mhf/2xPTICQSmzuCGn12nv2HpTNc24T2pWtfNPcfrcph5/oOY7dIH9vtTz76i+XSTpzRJ3sukAChNQCTe+Q/AtJhxfb3iPpu9W+5Q1222ST49kkeV2tfoK32s/ugdnZm22nQWAtAUKKAbIiUAfKVZLqye/srMnuQ62aTRtcn22tttVLX61+t37tXSibppgGgV4ChFQvosXsUC9VZcJ3SfppQ6C+b/VjSUd20Gk7g7J7WF/h7Gkx42kyoYTUZChTdFSHi90vsvtGbaFjl4J2SVg3CzubymW/akPfpWEKgIiYngAhNT3TyD2+tgmY5zYi7H6TTYZnn6+Uzd4OP1HSQy1i63epbHXk3T33riIzo/aZCRBSMwMO2H352cvqEm0115TJ+aekkzs+hWk747pA0jkBOVCyEwKElBMjHJVRL1f1ZLX4Z9cHyPapyy2S9i60tN18dySVUiIQIKQiuLTdGsv5y+3IT0napynBLvte2VJO2xmULXX1bkm/3W75HC0bAUIqm6Ob6/lGx9vm1vP9ko6uDtH1LhSfumzuBT1sOO0rAHMSsBvi3+mQdoYkm8pl1boCik9dco6NHVHFmdSOYHd90IOaJ3z2yUvd7L0oez/K2pc7PgrmUxfX9sYrjpCK59k2Km47Qyqn9r1Vkt0orxtnUNtwZ2HHIKQWZvhAuXY/6aPVvvY6wkckfb7j5jkBNRAuu40jQEiN47WUvR+TdPAIsTZP1Nkj9mdXCAwmQEgNRrWYHetpW/qE21vp9skLDQKzECCkZsEautOuJ3ZtotpeSQgtnuL9ESCk/Hmy0xXV80rZOnz2/V7dWN1lp51ayPEJqYUYPVBmfRZlKxsf0/zXFgC11WIOlXS3JPvkhQaB2QkQUrMjDnMAC6hjq1cLLm55yhdGEIXmIEBI5fBxUxX2ztP1kvYtOrpE0lmbdsz/IbApAUJqU4Lx/9+2Dp5dztnUwXwcHN/f8AoIqfAWbiygXlzhP5K+yDS/G3Olg4kIEFITgQzYjS2iYEtX1Wvnta0SE1AeJWchQEhlcXK8jvr7u5slXc5Tu/Eg+ce8BAipefl67b2+D/V4sTKx15qpa6EECKnlGW9P8s6XZJ+/rJrdJOe9p+WNhRCKCakQNk1WpC03dVO1UjGzF0yGl47mIEBIzUHVb5/1fSibZdNm26RBwC0BQsqtNZMX1jaTJgt2To6ZDqcmQEhNTdRnf20zG3CZ59MrqqoIEFL5h8R5zSwGLyykMkldft/TKCSk0ljZKsTOoD4t6VnF1kclHZJbNuoyESCkMrn5TC1XStpdybtP0qc6lkjPSwJloQkQUqHt6yzewuiolq32RvmHckpGVVYChFQ+Zx+UtKtFlr2saS9t0iAQigAhFcqu3mK7Asreh/qWJFs0gQaBUAQIqVB2rS22bV4o+wOLJeTxeJFKCKk8tts3efZGedlYLCGPv4tVQkjlsr68Yc6rBrm8XawaQiqf9ec2kmx2TRoEwhMgpMJbiAAI5CZASOX2F3UQCE+AkApvIQIgkJsAIZXbX9RBIDwBQiq8hQiAQG4ChFRuf1EHgfAECKnwFiIAArkJEFK5/UUdBMITIKTCW4gACOQmQEjl9hd1EAhPgJAKbyECIJCbACGV21/UQSA8AUIqvIUIgEBuAoRUbn9RB4HwBAip8BYiAAK5CRBSuf1FHQTCEyCkwluIAAjkJkBI5fYXdRAIT4CQCm8hAiCQmwAhldtf1EEgPAFCKryFCIBAbgKEVG5/UQeB8AQIqfAWIgACuQkQUrn9RR0EwhMgpMJbiAAI5CZASOX2F3UQCE+AkApvIQIgkJsAIZXbX9RBIDwBQiq8hQiAQG4ChFRuf1EHgfAECKnwFiIAArkJEFK5/UUdBMITIKTCW4gACOQmQEjl9hd1EAhPgJAKbyECIJCbACGV21/UQSA8AUIqvIUIgEBuAoRUbn9RB4HwBAip8BYiAAK5CRBSuf1FHQTCEyCkwluIAAjkJkBI5fYXdRAIT4CQCm8hAiCQmwAhldtf1EEgPAFCKryFCIBAbgKEVG5/UQeB8AQIqfAWIgACuQkQUrn9RR0EwhMgpMJbiAAI5CZASOX2F3UQCE+AkApvIQIgkJsAIZXbX9RBIDwBQiq8hQiAQG4ChFRuf1EHgfAECKnwFiIAArkJEFK5/UUdBMITIKTCW4gACOQmQEjl9hd1EAhPgJAKbyECIJCbACGV21/UQSA8AUIqvIUIgEBuAoRUbn9RB4HwBAip8BYiAAK5CRBSuf1FHQTCEyCkwluIAAjkJkBI5fYXdRAIT4CQCm8hAiCQmwAhldtf1EEgPIGnAaRUI9YWTIxDAAAAAElFTkSuQmCC', '2021-07-16 22:32:19', '50', '2021-07-16 22:32:01', '50', NULL, NULL, NULL, NULL);
/*!40000 ALTER TABLE `trnproofspend` ENABLE KEYS */;

-- Dumping structure for table proxis_db.trnrefund
DROP TABLE IF EXISTS `trnrefund`;
CREATE TABLE IF NOT EXISTS `trnrefund` (
  `RefundId` varchar(50) NOT NULL DEFAULT '0',
  `ProofSpendId` varchar(50) NOT NULL DEFAULT '0',
  `RefundDate` datetime DEFAULT NULL,
  `NoUrut` varchar(150) DEFAULT NULL,
  `RefundNo` varchar(150) DEFAULT NULL,
  `TotalAmount` double DEFAULT NULL,
  `Classification` varchar(150) DEFAULT NULL,
  `CreatorTtd` text DEFAULT NULL,
  `Approval1` varchar(50) DEFAULT NULL,
  `Approval1Status` int(1) DEFAULT 0,
  `Approval1Date` datetime DEFAULT NULL,
  `Approval1Note` text DEFAULT NULL,
  `Approval1Ttd` text DEFAULT NULL,
  `Approval2` varchar(50) DEFAULT NULL,
  `Approval2Status` int(1) DEFAULT 0,
  `Approval2Date` datetime DEFAULT NULL,
  `Approval2Note` text DEFAULT NULL,
  `Approval2Ttd` text DEFAULT NULL,
  `Approval3` varchar(50) DEFAULT NULL,
  `Approval3Status` int(1) DEFAULT 0,
  `Approval3Date` datetime DEFAULT NULL,
  `Approval3Note` text DEFAULT NULL,
  `Approval3Ttd` text DEFAULT NULL,
  `LockDate` datetime DEFAULT NULL,
  `LockByUserId` varchar(50) DEFAULT NULL,
  `CreatedDate` datetime DEFAULT NULL,
  `CreatedByUserId` varchar(30) DEFAULT NULL,
  `LastChangedDate` datetime DEFAULT NULL,
  `LastChangedByUserId` varchar(30) DEFAULT NULL,
  `DeletedDate` datetime DEFAULT NULL,
  `DeletedUserId` varchar(30) DEFAULT NULL,
  PRIMARY KEY (`RefundId`) USING BTREE
) ENGINE=InnoDB DEFAULT CHARSET=utf8;

-- Dumping data for table proxis_db.trnrefund: ~1 rows (approximately)
DELETE FROM `trnrefund`;
/*!40000 ALTER TABLE `trnrefund` DISABLE KEYS */;
INSERT INTO `trnrefund` (`RefundId`, `ProofSpendId`, `RefundDate`, `NoUrut`, `RefundNo`, `TotalAmount`, `Classification`, `CreatorTtd`, `Approval1`, `Approval1Status`, `Approval1Date`, `Approval1Note`, `Approval1Ttd`, `Approval2`, `Approval2Status`, `Approval2Date`, `Approval2Note`, `Approval2Ttd`, `Approval3`, `Approval3Status`, `Approval3Date`, `Approval3Note`, `Approval3Ttd`, `LockDate`, `LockByUserId`, `CreatedDate`, `CreatedByUserId`, `LastChangedDate`, `LastChangedByUserId`, `DeletedDate`, `DeletedUserId`) VALUES
	('60f1ab1eb93d360f1ab1eb93d6', '60f1a6718b7f560f1a6718b7f7', '2021-07-31 00:00:00', '0001', 'PDS0001/VII/2021', 500, 'Murata', 'data:image/png;base64,iVBORw0KGgoAAAANSUhEUgAAAakAAADGCAYAAABo+X9gAAANQ0lEQVR4Xu3dXag8dRkH8K/RRTe9QqFRZi+QVFCRBRGBXvWCEUZGFFFRCOGFUEkQgUUQSVYgRYSEEXVjEJJFN0FdSF7Yi0kFQlkkpCVUFIJ1Y/xkj43j7H/PObuz5zfPfubmD/+zM/M8n+d3+DK7c2bPi40AAQIECHQqcF6ndSmLAAECBAhESFkEBAgQINCtgJDqdjQKI0CAAAEhZQ0QIECAQLcCQqrb0SiMAAECBISUNUCAAAEC3QoIqW5HozACBAgQEFLWAAECBAh0KyCkuh2NwggQIEBASFkDBAgQINCtgJDqdjQKI0CAAAEhZQ0QIECAQLcCQqrb0SiMAAECBISUNUCAAAEC3QoIqW5HozACBAgQEFLWAAECBAh0KyCkuh2NwggQIEBASFkDBAgQINCtgJDqdjQKI0CAAAEhZQ0QIECAQLcCQqrb0SiMAAECBISUNUCAAAEC3QoIqW5HozACBAgQEFLWAAECBAh0KyCkuh2NwggQIEBASFkDBAgQINCtgJDqdjQKI0CAAAEhZQ0QIECAQLcCQqrb0SiMAAECBISUNUCAAAEC3QoIqW5HozACBAgQEFLWAAECBAh0KyCkuh2NwggQIEBASFkDBAgQINCtgJDqdjQKI0CAAAEhZQ0QIECAQLcCQqrb0SiMAAECBISUNUCAAAEC3QoIqW5HozACBAgQEFLWAAECBAh0KyCkuh2NwggQIEBASFkDBAgQINCtgJDqdjQKI0CAAAEhZQ0QIECAQLcCQqrb0SiMAAECBISUNUCAAAEC3QoIqW5HozACBAgQEFLWAAECBAh0KyCkuh2NwggQIEBASFkDBAgQINCtgJDqdjQKI0CAAAEhZQ0QIECAQLcCQqrb0SiMAAECBISUNUCAAAEC3QoIqW5HozACBAgQEFLWAAECBAh0KyCkuh2NwggQIEBASFkDBAgQINCtgJDqdjQKI0CAAAEhZQ0QIECAQLcCQqrb0SiMAAECBISUNUCAAAEC3QoIqW5HozACBAgQEFLWAAECBAh0KyCkuh2NwggQIEBASFkDSxN4fpLnJvlLkvuWVrx6CRA4mYCQOpmXV5+twE+SXDoq4TNJPn22ZTk7AQJzCQipuWQdd9cCL07y+zUHFVS71nY8Ap0ICKlOBqGMjQJXJrnlHK+yljcSegGB5Qn4xV7ezA614vaW3nXnaP6aJDceKo6+CVQVEFJVJ1uvr/cm+faGttpbgvfWa11HBA5XQEgd7uyX1vlrkvx8Q9E+m1raVNVLYIOAkLJEliLQbj3/86jYO5O8dvR/gmopE1UngWMICKljIHlJNwKPjCpp63f8f+0lgqqbkSmEwHYCQmo7P3vvV2AqpNbdUOHzqf3OxtkIzCIgpGZhddCZBKZCqp1qKqhcTc00BIclsE8BIbVPbefaVmAYUg8laZ9T/WN10O8kec/gBP9O8qYkd2x7UvsTIHB2AkLq7Oyd+WQC47v7/pnkmYNDXJDk9iQvGh3WFdXJnL2aQFcCQqqrcSjmHAIthNpDZY+2/yZ5aZI/Df5v6m2/ts9Nnu9nbRFYpoCQWubcDrXqfyV56qD5W5NcMcKYCqr/JPm8oDrUZaPvJQsIqSVP7/BqvyHJx0ZtT63h9qT0m5NcNHhtu+K6bHTldXiCOiawMAEhtbCBHXi57SqqXU0Nt3bl1D53Gm9TV1TrXnvgrNon0K+AkOp3NiqbFvh6kqsGP/rp6gpp6tVTQWXNW1kEFiTgF3ZBw1LqowLPm/hG3ouT3LPGZ/y3VS/0lp+VRGA5AkJqObNS6f8Fxt/Q+/0kb18DNL7Z4pIkv4BJgMAyBITUMuakyscLXJ7ktsF/3ZXk1RNIz149lPYpg59Z81YTgQUJ+IVd0LCU+phAu4Hi7tHde99I8uEJo3WPUsJJgMACBITUAoakxEmB4z6v7/4k56+O8ECS9kfBNgIEFiIgpBYyKGU+QWD8BIqjF4wfgzT8TKo9z+9pLAkQWI6AkFrOrFT6RIF1X9MxDKq/JWmfTbXt4SQXJnkQJgECyxAQUsuYkyrXC2wKqvZtvu1p6W37XZI3JGkPp7URILAAASG1gCEpcaPAuqC6Psm1SZ60OsK9SdqXIdoIEFiIgJBayKCUuVFgKqjaFdMzBnv+NskrNh7JCwgQ6EZASHUzCoXsQGDdFdXRod+a5Ec7OI9DECCwJwEhtSdop9mbwG+SvHzibO3zqKn/31thTkSAwMkFhNTJzezRt8BbknwvyfApE63iqe+e6rsT1REgECFlEVQU+FmS10805qvkK05bT6UFhFTp8R5sc38cPTJpCPHlJB89WBmNE1iYgJBa2MCUu1Fg080T7QDn+g6qjSfwAgIE9icgpPZn7UzzC3xu9ZDZoydMtDP+PcmzJk79kiR/mL8kZyBAYBsBIbWNnn17Ebg0yTuSfCTJkwdFtb+LajdStKdOjLc3Jrm9lwbUQYDAtICQsjKWLtDe3nvnxO3lP07ypdXfRf1y4vumfDa19Mmr/yAEhNRBjLlsky9L0q6WxttDSW5I0gKsbe3ZfVNXU+72K7s0NFZFQEhVmeTh9dHe4mtfIz/evpvkW0l+MPrB+Cvnj34sqA5v7eh4QQJCakHDUupjAu0K6f2j28zbV3J8bXD1NMUlqCwiAgsTEFILG5hyc2WSm5I8fWDRbilvV0Tt303bLcmjxxhvbkvfJOfnBM5AQEidAbpTnlqgvcV3XZL279HWvn7jQ8cMqKN91v0t1Y1Jrjl1dXYkQGDnAkJq56QOOKPAzUk+MDr+aT9TmgqqvyZ59wkDb8Z2HZoAASFlDSxFYCpU3pWk3Shx2m3qmN72O62m/QjMICCkZkB1yJ0LrPsc6rIdnGkqqJ6T5MEdHNshCBDYUkBIbQlo970IPDI6S/ubp3Z333FulDhOgeOnpv8wyeXH2dFrCBCYV0BIzevr6NsJtGfwfXXibrwvJvn4dod+3N7jq6m7Jp5QscPTORQBAscVEFLHlfK6sxCYeivutDdKbKq/XZ21J1Mcba9McvemnfycAIF5BYTUvL6OfnqBN6+euzc8wh1JPrnDt/mGxx7fOdieWPG205dvTwIEdiEgpHah6BhzCHxh9Jbew6snmu/qc6hxze0zqNsG/9murF4wR2OOSYDA8QWE1PGtvHK/AvcnOX9wyjuTvG7GEi5I8uskw++iaqeb6+3FGVtxaAJ1BIRUnVlW6uSiJO0r4IfbFUlunbnJdU+i8HsyM7zDE1gn4JfP2uhR4LNJPjUq7MIk9+2h2PYE9feNzuP3ZA/wTkFgSsAvn3XRo8DU08r3uVa/kuTqFYy3+3pcIWo6GIF9/uIfDKpGtxJoT5doTyofbvckuXiro9qZAIFFCgipRY6tdNFTX2b4wSTfLN215ggQmBQQUhZGjwK/SvKqVWGe/tDjhNREYE8CQmpP0E5zYoFPrPa4/sR72oEAgTICQqrMKDVCgACBegJCqt5MdUSAAIEyAkKqzCg1QoAAgXoCQqreTHVEgACBMgJCqswoNUKAAIF6AkKq3kx1RIAAgTICQqrMKDVCgACBegJCqt5MdUSAAIEyAkKqzCg1QoAAgXoCQqreTHVEgACBMgJCqswoNUKAAIF6AkKq3kx1RIAAgTICQqrMKDVCgACBegJCqt5MdUSAAIEyAkKqzCg1QoAAgXoCQqreTHVEgACBMgJCqswoNUKAAIF6AkKq3kx1RIAAgTICQqrMKDVCgACBegJCqt5MdUSAAIEyAkKqzCg1QoAAgXoCQqreTHVEgACBMgJCqswoNUKAAIF6AkKq3kx1RIAAgTICQqrMKDVCgACBegJCqt5MdUSAAIEyAkKqzCg1QoAAgXoCQqreTHVEgACBMgJCqswoNUKAAIF6AkKq3kx1RIAAgTICQqrMKDVCgACBegJCqt5MdUSAAIEyAkKqzCg1QoAAgXoCQqreTHVEgACBMgJCqswoNUKAAIF6AkKq3kx1RIAAgTICQqrMKDVCgACBegJCqt5MdUSAAIEyAkKqzCg1QoAAgXoCQqreTHVEgACBMgJCqswoNUKAAIF6AkKq3kx1RIAAgTICQqrMKDVCgACBegJCqt5MdUSAAIEyAkKqzCg1QoAAgXoCQqreTHVEgACBMgJCqswoNUKAAIF6AkKq3kx1RIAAgTICQqrMKDVCgACBegJCqt5MdUSAAIEyAkKqzCg1QoAAgXoCQqreTHVEgACBMgJCqswoNUKAAIF6AkKq3kx1RIAAgTICQqrMKDVCgACBegJCqt5MdUSAAIEyAkKqzCg1QoAAgXoCQqreTHVEgACBMgJCqswoNUKAAIF6AkKq3kx1RIAAgTICQqrMKDVCgACBegJCqt5MdUSAAIEyAkKqzCg1QoAAgXoCQqreTHVEgACBMgJCqswoNUKAAIF6AkKq3kx1RIAAgTICQqrMKDVCgACBegJCqt5MdUSAAIEyAkKqzCg1QoAAgXoCQqreTHVEgACBMgJCqswoNUKAAIF6AkKq3kx1RIAAgTICQqrMKDVCgACBegJCqt5MdUSAAIEyAv8DPuLIx+vuKIAAAAAASUVORK5CYII=', '45', 1, '2021-07-16 22:52:49', '', 'data:image/png;base64,iVBORw0KGgoAAAANSUhEUgAAASkAAADGCAYAAACO/HZhAAAL5UlEQVR4Xu2dW+htUxTGv/NAFOJBLiEOSSiJeHCJoihyywPKJSKUJCdFJ5QHSu7326HwcORSFEq5xwMluaTkfk8heXApGrU2s9na/72PvffaY8zxm3Uezt77v9Y3ft/oa625515zlRgQgAAEHBNY5Vgb0iAAAQiIkKIJIAAB1wQIKdf2IA4CECCk6AEIQMA1AULKtT2IgwAECCl6AAIQcE2AkHJtD+IgAAFCih6AAARcEyCkXNuDOAhAgJCiByAAAdcECCnX9iAOAhAgpOgBCEDANQFCyrU9iIMABAgpegACEHBNgJBybQ/iIAABQooegAAEXBMgpFzbgzgIQICQogcgAAHXBAgp1/YgDgIQIKToAQhAwDUBQsq1PYiDAAQIKXoAAhBwTYCQcm0P4iAAAUKKHoAABFwTIKRc24M4CECAkKIHIAAB1wQIKdf2IA4CECCk6AEIQMA1AULKtT2IgwAECCl6AAIQcE2AkHJtD+IgAAFCih6AAARcEyCkXNuDOAhAgJCiByAAAdcECCnX9iAOAhAgpOgBCEDANQFCyrU9iIMABAgpegACEHBNgJBybQ/iIAABQooegAAEXBMgpFzbgzgIQICQogcgAAHXBAgp1/YgDgIQIKToAQhAwDUBQsq1PYiDAAQIKXoAAhBwTYCQcm0P4iAAAUKKHoAABFwTIKRc24M4CECAkKIHIAAB1wQIKdf2IA4CECCk6AEIQMA1AULKtT2IgwAECCl6AAIQcE2AkHJtD+IgAAFCih6AAARcEyCkXNuDOAhAgJCiByAAAdcECCnX9iAOAhAgpOiB/0PgMElbS3pT0pf/5wD8DQSmJUBITUuKz40IvCjJQqocV0u6CkQQWAQBQmoRVNs95smS1o8p7xpJa9stncqWRYCQWhb5mOf9VNLOK0h/QNLZMUtDtVcChJRXZ/zp2lPS+1PI4tZvCkh8ZHoChNT0rLJ/0uacrqwgfCdp2x4wR0t6Ljsw6p8PAUJqPhxbP8p2kp6WtF9R6AeS9uomzC+TtEnx3vWS1rQOhfqGIUBIDcM5+ln6Jsz3kfRuV9hbVYDZFZYFGwMCMxMgpGZGmOIAN0q6uKj0K0k7Fv/vuxU8VtIzKehQ5EIJEFILxdvMwb+WtH1Rza2SLir+f6qkR6pqT5P0aDMEKGRpBAippaEPc2JbuGkLOMuxi6TPihcOlvRq9ZlDJL0WpkqEuiVASLm1xo2w+lbuJUmHV+rs1u+L6rWd+MmMGw9DCyGkQts3iPh6PupESU/2nPnv6jV6axB72j8JjdS+x7NWeIek87uDfCNptaTfq4NuJel7SRt1r/8paRtJP816cv4eAoQUPTCJgE1+n9J96K4isOq/+0XSFt2LfxWBNen4vA+BFQkQUjTIJALlbdyFkuzKqm/YVdOWxRv7S3p70sF5HwKTCBBSkwjlfr9exGkrzG2leT327gJp4+INeit378ytehppbiibPNC5ku7uKrOrIrs66ht9iznprSZbYviiaKThmUc645mS1nWCbV2UrY/qGx9K2qN4o2+ZQqS60eqIACHlyAyHUsqncL4jad8ejQd2jxEevfVj92hhh+UgKSIBQiqia8NpthXjB3Wne12SrSyvx7WS7CkIo/GCpCOHk8iZWidASLXu8Gz13Vc8afN+SedUh7PnRj0uadPidX5YPBtz/roiQEjREisRsPkom5ey8aCks6oPv9c9U2r0sj0d4QBJ34IVAvMiQEjNi2Sbx1kppPq+0XtK0gltoqCqZREgpJZFPsZ5bfmBLUOwcY+k8wrZ9W/17Pnntl6KAYG5EiCk5oqzuYM9K+morip7ZrnNQY1GGVJ/SDpekn2eAYG5EiCk5oqzuYON+3bvdkkXFNV+VK2Tag4EBS2PACG1PPYRztz37V7f887tqZ1MlkdwNKBGQiqgaQNKLhdz2rd7n0s6o9oglH32BjQk46kIqYyuT19zuWOxzUnZ6nJ7dtRovCHpckn2MxgGBBZCgJBaCNZmDlpuVWU/MC733fukW+hJQDVjt89CCCmfvnhRZfNMfTsU27Ojbuk2BvWiFR2NEiCkGjV2TmWVt3ujQz7WPfiOK6g5QeYwKxMgpOiQPgLHSLpT0g7Vm/d2e+kRUPTNYAQIqcFQhziR7bFnj2O5YYxa+iWEjW2JpOna8nOWauzqyTZd2HyFg9h+e1xFzUKZv91gAoTUBiNr7g92lrSmWkFuRdpv8WzTBVtdPhr1T2Oag0FB/ggQUv48GVJR35MM7Py2cPOh7qppvSRbZT4aJ0l6YkiRnCs3AUIqp/+23slCyHZ/KYd9c3ddtRVV/TOYVyTdJsmuqn7NiY+qhyRASA1Je/nnGjcxbgs1n5F0k6SfK5k2R2XvHVq9/kW3SYNdjTEgsDAChNTC0Lo7sF0R2VVSueOLLcq0W7tLJqi1cLtC0hHV52wS/WUWdbrzuilBhFRTdo4txq52Lqp+d9f3OOCVaFjIHSfptOpD9shgCzm7VWRAYO4ECKm5I3V1wD27b+fsSqgcsyzKtJ/D2OS5PZ5lNCyobKMGbv1c2d+GGEKqDR/7quj75s6udkb/Zq283oThN0mbzXpQ/h4CNQFCqr2esIlue+SvrRovf9Zi80c3S7LNEuYx7LEtD0varToYz5eaB12O8S8BQqqtZrDbOguocrNOq3CRwfFDz47FizxfW45RzUQChNRERCE+sFrS6T2T4/btne3wsuhJ7XrnGINGb4VoHf8iaST/Hk1SaLd0a4utp0aft+3ObRuqRQeUna9v/ovemuQc709FgEaaCpPbD437WYstzrx04B8Dl1q43XPbMvGEEVLxPBspHhdQNkFu26F/Frc0lEPgPwKEVMxuGBdQzAXF9BPVKxAgpGK1hz1W5XlJu4+RvX/14+BY1aEWAj0ECKk4bbFO0plj5Nqzn2weaIhJ8jjEUNoEAUIqho3lJp21YpsktysoBgSaJEBI+bd1V0kfj5Fpk+T2SF8GBJolQEj5t7YvpOz2zjbuHHf7578qFEJgSgKE1JSglvyxekU3vi3ZEE4/HAGafTjWs5ypnDTf0OdAzXJe/hYCSydASC3dgqkF2HPJbdhEOQMCaQgQUmmsplAIxCRASMX0DdUQSEOAkEpjNYVCICYBQiqmb6iGQBoChFQaqykUAjEJEFIxfUM1BNIQIKTSWE2hEIhJgJCK6RuqIZCGACGVxmoKhUBMAoRUTN9QDYE0BAipNFZTKARiEiCkYvqGagikIUBIpbGaQiEQkwAhFdM3VEMgDQFCKo3VFAqBmAQIqZi+oRoCaQgQUmmsplAIxCRASMX0DdUQSEOAkEpjNYVCICYBQiqmb6iGQBoChFQaqykUAjEJEFIxfUM1BNIQIKTSWE2hEIhJgJCK6RuqIZCGACGVxmoKhUBMAoRUTN9QDYE0BAipNFZTKARiEiCkYvqGagikIUBIpbGaQiEQkwAhFdM3VEMgDQFCKo3VFAqBmAQIqZi+oRoCaQgQUmmsplAIxCRASMX0DdUQSEOAkEpjNYVCICYBQiqmb6iGQBoChFQaqykUAjEJEFIxfUM1BNIQIKTSWE2hEIhJgJCK6RuqIZCGACGVxmoKhUBMAoRUTN9QDYE0BAipNFZTKARiEiCkYvqGagikIUBIpbGaQiEQkwAhFdM3VEMgDQFCKo3VFAqBmAQIqZi+oRoCaQgQUmmsplAIxCRASMX0DdUQSEOAkEpjNYVCICYBQiqmb6iGQBoChFQaqykUAjEJEFIxfUM1BNIQIKTSWE2hEIhJgJCK6RuqIZCGACGVxmoKhUBMAoRUTN9QDYE0BAipNFZTKARiEiCkYvqGagikIUBIpbGaQiEQkwAhFdM3VEMgDQFCKo3VFAqBmAQIqZi+oRoCaQgQUmmsplAIxCRASMX0DdUQSEOAkEpjNYVCICYBQiqmb6iGQBoChFQaqykUAjEJEFIxfUM1BNIQIKTSWE2hEIhJgJCK6RuqIZCGACGVxmoKhUBMAoRUTN9QDYE0BAipNFZTKARiEiCkYvqGagikIUBIpbGaQiEQkwAhFdM3VEMgDQFCKo3VFAqBmAT+AaFJ1cfLz9YwAAAAAElFTkSuQmCC', '33', 1, '2021-07-16 22:53:30', '', 'data:image/png;base64,iVBORw0KGgoAAAANSUhEUgAAAakAAADGCAYAAABo+X9gAAAQwElEQVR4Xu3dX6h9aVkH8K9XXUhWF9OFVPaHLmoSs/GigjTBSsk/KTiEWqbVDFikhmUJMSWRlqViGDhRJpSBUtY0pA6CGYEEI0lkFJSKDXnhhcOE18ZDa0/LNb9z9j7n7LX3+673s25mfuesvdbzfp51+LL3ftd6HxcbAQIECBBoVOBxjdalLAIECBAgECHlIiBAgACBZgWEVLOtURgBAgQICCnXAAECBAg0KyCkmm2NwggQIEBASLkGCBAgQKBZASHVbGsURoAAAQJCyjVAgAABAs0KCKlmW6MwAgQIEBBSrgECBAgQaFZASDXbGoURIECAgJByDRAgQIBAswJCqtnWKIwAAQIEhJRrgAABAgSaFRBSzbZGYQQIECAgpFwDBAgQINCsgJBqtjUKI0CAAAEh5RogQIAAgWYFhFSzrVEYAQIECAgp1wABAgQINCsgpJptjcIIECBAQEi5BggQIECgWQEh1WxrFEaAAAECQso1QIAAAQLNCgipZlujMAIECBAQUq4BAgQIEGhWQEg12xqFESBAgICQcg0QIECAQLMCQqrZ1iiMAAECBISUa4AAAQIEmhUQUs22RmEECBAgIKRcAwQIECDQrICQarY1CiNAgAABIeUaIECAAIFmBYRUs61RGAECBAgIKdcAAQIECDQrIKSabY3CCBAgQEBIuQYIECBAoFkBIdVsaxRGgAABAkLKNUCAAAECzQoIqWZbozACBAgQEFKuAQIECBBoVkBINdsahREgQICAkHINECBAgECzAkKq2dYojAABAgSElGuAAAECBJoVEFLNtkZhBAgQICCkXAMECBAg0KyAkGq2NQojQIAAASHlGiBAgACBZgWEVLOtURgBAgQICCnXAAECBAg0KyCkmm2NwggQIEBASLkGCBAgQKBZASHVbGsUdoDADya5Lcnnpn3/O8l/HfA6uxAg0ImAkOqkUcp8jMBHk1RILbe/S/JMXgQIbENASG2jj6ON4sVJ3nfJoH8/yS+MhmK8BLYoIKS22NXtj+nNSV6/Z5i/keTXt09hhAS2LSCktt3frY7urUlee8DgXN8HINmFQMsC/ohb7o7aLhL45iSfWfzywSRPW/zs25J8GiMBAv0KCKl+ezd65f+Z5FtnCPcm+eEkFWC77eNJHvCx3+iXivH3LCCkeu7e2LXXxImaQDHf3pLkVUkeP/vhI0lekKRm/dkIEOhMQEh11jDlPirwo0nuX3j8dJJvSvKMxfT0CqiaSCGoXEAEOhMQUp01TLlfIbC8V+pTSb5r+nivJlY8Ybb3R5L8ED8CBPoSEFJ99Uu1XylQU8zvmf3o35J8x/TvW91L9VCSlyX5GEgCBPoQEFJ99EmVFwvULL/dZInPJvmeJF+cBdXvLCZT1K98/OeKItCJgJDqpFHKvFBg+W7qFUn+ZLF3fQz4nYuffSDJO3xP5coi0LaAkGq7P6rbL1DhUyG022oq+t23eNkyzGqXzyd5iaDaj2wPAucSEFLnknfeYwrUjbx3TAf8QpKvv+Dg9T3VXUmeNfu9B9IesxOOReDIAkLqyKAOdxaB5buky57bV09Or4/5njyrtO6juu8slTspAQKXCggpF8gWBCp4ajr6bntPkp+6ZGD1u5fP7qWqjwt/3sd+W7gUjGFrAkJqax0ddzwfTPLs2fC/JUnN9rto+7EkNXlit9Vki5p0YSNAoCEBIdVQM5RyI4Fl6ByyVMdyyY96QO0nblSFFxMgcFQBIXVUTgc7s0C9c3rSVEP9f72bumyrjwn/MsnXTTvVA2nr3Vg9789GgEADAkKqgSYo4WgCr0nyttnRahn5fc/rq0kX9VDa26bXVUh9+GgVORABAjcSEFI34vPixgSW60z9dZL6GHDf9q5panrt9/4kd+57gd8TIHAaASF1GmdnOZ3AX01Lc+zOWB/lPbzn9LU44n/M9vHd1On65UwELhUQUi6QrQksp6PX09DffsAg/yLJi6b9asmPPz7gNXYhQGBlASG1MrDDn0VgPoHik0meekAVde/Uu6f9/jnJUw54jV0IEFhZQEitDOzwZxFYPoGiQqrC6rLtZ5L84WyHb198BHiWgTgpgdEFhNToV8A2x/+10428XzMNb98TKHYKX55xHHKf1Tb1jIpAQwJCqqFmKOWoAvU91KunI9bEibpnat8EivclqYfQ1ubBs0dth4MRuJ6AkLqem1e1L1DvpnaLH1a1h0ygeGWSP5qGVk+eqFl+NgIEziggpM6I79SrC8y/mzrkCRS13Ect+7Hbbk/yr6tX6QQECFwoIKRcHFsXqI/4dt9NHfIEivn3Uofsv3U/4yNwVgEhdVZ+Jz+BwHxq+SHfM5k8cYKmOAWBQwWE1KFS9utZYL5y774lPGpdqrohuDYz/Hruuto3ISCkNtFGg9gj8N1J/mnaZ9909HdOD5yt3d+U5A10CRA4n4CQOp+9M59WYD4l/bKbe+9N8rNTaX+f5BmnLdPZCBCYCwgp18MoAvN3U/UQ2hdeMPBa6qOW/Kjt/iTPGwXIOAm0KCCkWuyKmtYSqCXiXz4d/KJ3U8tHKvkbWasbjkvgAAF/gAcg2WUzAoe8m7orSa0vVdsh91ZtBsdACLQoIKRa7Iqa1hSYrzd1q3dT980+4vPUiTU74dgEDhAQUgcg2WVTAvPVe29131Qt11H3Vnkntam2G0yvAkKq186p+yYC8++magJFvbvabfP7pOpn/kZuIu21BG4o4A/whoBe3qXA/OGzy0UR509CrzB7RZcjVDSBjQgIqY000jCuLDCfxTd/QvpvJfnV6Whu5r0yqxcQOK6AkDqup6P1I1Dvpupd1JOmWXw1iaIeRvuxJE+fhuFm3n76qdKNCgipjTbWsA4SmD98dvecvg8mefb06g8lec5BR7ITAQKrCAipVVgdtCOBmuG3e/RRvZuqRyK9aqrfA2Y7aqRStykgpLbZV6M6XGB+g28FVn3cd8/08r9J8vzDD2VPAgSOLSCkji3qeD0KLNecslRHj11U8yYFhNQm22pQ1xCoSRRPSfKlJI+fXv/G2buqaxzSSwgQuKmAkLqpoNdvRaCeRFFBtVtqvsZVy3vU9HQbAQJnEhBSZ4J32iYF5h/7VYEmTjTZJkWNJCCkRuq2sR4i8Lkk3zjteHeSWgTRRoDAmQSE1JngnbZZgX9JcvtU3T8k+e1p8cNmC1YYgS0LCKktd9fYriPwmST1/dR8q5/9QZIHk9Q0dRsBAicSEFIngnaaLgTm90xVwRVIu+no9e8KqrdMj1HqYkCKJNC7gJDqvYPqP6bAnyf58emA9f8vSbJcuuNTSX7FR4DHZHcsAhcLCClXB4H/E/iqJJ9O8sQJ5NeS/Ob0TurJSd6xgHqmj/5cOgTWFxBS6xs7Qx8Cr57ui9pV+9Ik752V/n1Jaq2pb5j9zBT1Pnqryo4FhFTHzVP60QTqu6gPzCZMvD/Jnbc4+rOS3JXkxbPf1RT1mqpuI0BgBQEhtQKqQ3YlUOtKVdDMg6eW6vjwBaOoiRS/m+SO2e9rQsXPdTVqxRLoREBIddIoZa4mMF+ht05SH+G9Nckjl5yxgqqW85gHW+3ue6rV2uTAowoIqVE7b9wlUGFTy8XX90211cy9515hinmFVH1PNd9+Ismf4iVA4DgCQuo4jo7Sp0A9TeKXZ6XX91D1fdRVtgq1N8+eUlGvveg7rasc174ECCQRUi6DkQUenj31/BeTvO2aGPWEipqi/rzF683+uyaolxHYCQgp18KoAvXu5/XT4L+Y5EVHuO+ppq3X0h7zSRV1ijcleeAIxx+1V8Y9sICQGrj5Aw/9tun7p/pvbcd+x/POaWLFnPgj0yzCDyX5n4HtDZ3AlQSE1JW47LwRgfmMvi9M3yfVf4+51WSMdyWpp1XMt39P8rokn0jy+WOe0LEIbFFASG2xq8Z0mcByRl9Nnqhn8a2x1bmef8HqviZXrCHumJsTEFKba6kB7RGoQKrviGp7aLbA4Zpw9c6tvqt6wuIk/v7WVHfsTQj4I9lEGw3iCgJfnu177O+i9pUxf6K6xynt0/J7AqaguwYGE5jffFsLGb7yDDPuaubfV5/hvIO12nC3IuCd1FY6aRz7BOr7oXtmixh+f5KP73uR3xMgcF4BIXVef2c/nUDNqKtVdWurm3br5l0bAQKNCwipxhukvKMI1EdsD05HqqnfTzvKUR2EAIHVBYTU6sRO0IDAfLLEy5L8WQM1KYEAgQMEhNQBSHbpWmAeUGveE9U1kuIJtCogpFrtjLpuKlDLvNcyGvNlOGoxw7o3ykaAQCcCQqqTRinzygL1SKJa6n231RPK77/yUbyAAIGzCgips/I7+QoCtWzGu2dTzesUvzQt+b7C6RySAIE1BYTUmrqOfQ6BWy0HXz+zESDQoYCQ6rBpSr5QoO5/es3st/UQ11p597PMCBDoU0BI9dk3VT9WYP7Io/ptBdMLk3wSFgEC/QoIqX57p/L/F3hukp9MUkG12+5MUu+kbAQIdCwgpDpuntIfFaip5vOAOvXTzbWCAIGVBITUSrAOezKB5USJ+l7qjUkePlkFTkSAwGoCQmo1Wgc+gcBylV3P5TsBulMQOKWAkDqltnMdU6DWZKqbc58+O2g9OLaCykaAwEYEhNRGGjngMJaz+d4wWxZ+QA5DJrBNASG1zb6OMKpaWbeeLrHbXprkvSMM3BgJjCQgpEbq9nbGunwXVVPNa8q5jQCBjQkIqY01dJDhLB8e+yNJHhhk7IZJYCgBITVUuzcz2OVHfS9Ict9mRmcgBAg8KiCkXAy9CdS084/Oiv5SkicmeaS3gaiXAIH9AkJqv5E92hJY3rz7j0m+t60SVUOAwLEEhNSxJB3nFALPSfK3ixO9LsnvneLkzkGAwOkFhNTpzZ3xegJ3JHlPktsXL3cNX8/Tqwh0IeAPvIs2KXL6Hqq+j5pvtQzHU+kQILBdASG13d5uaWTL+6JqbA8l+QELGm6pzcZC4LECQspV0YPAcrJE1ewG3h46p0YCNxQQUjcE9PKTCNwqpO5NcvdJzu4kBAicTUBInY3eia8gsLw3ql762iRvv8Ix7EqAQIcCQqrDpg1act3Au5s4Yd2oQS8Cwx5PQEiN1/OeR7xbIr6+j7IRIDCAgJAaoMmGSIAAgV4FhFSvnVM3AQIEBhAQUgM02RAJECDQq4CQ6rVz6iZAgMAAAkJqgCYbIgECBHoVEFK9dk7dBAgQGEBASA3QZEMkQIBArwJCqtfOqZsAAQIDCAipAZpsiAQIEOhVQEj12jl1EyBAYAABITVAkw2RAAECvQoIqV47p24CBAgMICCkBmiyIRIgQKBXASHVa+fUTYAAgQEEhNQATTZEAgQI9CogpHrtnLoJECAwgICQGqDJhkiAAIFeBYRUr51TNwECBAYQEFIDNNkQCRAg0KuAkOq1c+omQIDAAAJCaoAmGyIBAgR6FRBSvXZO3QQIEBhAQEgN0GRDJECAQK8CQqrXzqmbAAECAwgIqQGabIgECBDoVUBI9do5dRMgQGAAASE1QJMNkQABAr0KCKleO6duAgQIDCAgpAZosiESIECgVwEh1Wvn1E2AAIEBBITUAE02RAIECPQqIKR67Zy6CRAgMICAkBqgyYZIgACBXgWEVK+dUzcBAgQGEBBSAzTZEAkQINCrgJDqtXPqJkCAwAACQmqAJhsiAQIEehUQUr12Tt0ECBAYQEBIDdBkQyRAgECvAkKq186pmwABAgMI/C82sFvWAlWJ7AAAAABJRU5ErkJggg==', '51', 1, '2021-07-16 22:54:45', '', 'data:image/png;base64,iVBORw0KGgoAAAANSUhEUgAAASkAAADGCAYAAACO/HZhAAALpUlEQVR4Xu3da6h9+RgH8O+80RTjMiKDKZoil0QuEbm8kFFuY6JccinjlpgZiTcaCiHDUIzLlCFMIWEUXg1SlHu5jYQat0ZRXnlB9GhtLXv2OWfvdfY559l7fVbNizn/vdd+fp/n6dvea6+19jmxESBAoLHAOY1rUxoBAgQipAwBAQKtBYRU6/YojgABIWUGCBBoLSCkWrdHcQQICCkzQIBAawEh1bo9iiNAQEiZAQIEWgsIqdbtURwBAkLKDBAg0FpASLVuj+IIEBBSZoAAgdYCQqp1exRHgICQMgMECLQWEFKt26M4AgSElBkgQKC1gJBq3R7FESAgpMwAAQKtBYRU6/YojgABIWUGCBBoLSCkWrdHcQQICCkzQIBAawEh1bo9iiNAQEiZAQIEWgsIqdbtURwBAkLKDBAg0FpASLVuj+IIEBBSZoAAgdYCQqp1exRHgICQMgMECLQWEFKt26M4AgSElBkgQKC1gJBq3R7FESAgpMwAAQKtBYRU6/YojgABIWUGCBBoLSCkWrdHcQQICCkzQIBAawEh1bo9iiNAQEiZAQIEWgsIqdbtURwBAkLKDBAg0FpASLVuj+IIEBBSZmBdgdsneWyS+yT5RZLfJbldkjsnuTXJLevuyOMIbCIgpDbRmudjK5SuTHJZknOPIHhrkrfMk8mqT0pASJ2U7H7stwLnqg2XYqY2BPPwwwUMlAk5SGBKQNW+7p3kD1gJbEtASG1Lcr/2874kl09c0iOS/GDicz2NwG0EhJShWCXw6yQXLf3D1Unqvzsm+etwfOoeSb49HEBfPPzuSf6ClcC2BITUtiT3Zz8fT/KS0XL+leQhSX5+wBL/vfR3M7U/s9BiJQaqRRvaFHFpks+Pqvlukq8f8Y1dnXpQx6Fq+32SC9usRiF7ISCk9qKNW1vETUmeONrbOqcU/ClJfeyr7c9JLthaNXZEIImQMgYLgfsluXnE8bMkT05SIXTY9tvhBM96TJ3geV+kBLYpIKS2qbnb+/pskueMlnBJki+usaQvJ3n68Lgbkzxjjed4CIG1BYTU2lR7/cAKpwqpxfa9JI9ac8UfS/Ky4bHXDWemr/lUDyNwtICQOtpoDo/4e5LzRgu9U5L62zrbN5M8fnjgt5I8YZ0neQyBdQWE1LpS+/u45Y956xwsH2t8NcnFwx9+nORh+0tlZWchIKTOQr3Pa744yfWjcj6X5HVrHCwfr2B8XpUD5316uzeVCKm9aeWkhbwhybtHz3xukgqqTbaXJ/nI8IS6HKYui7ER2JqAkNoa5c7t6OFJvj+q+tNJXjhhFeOPi95JTQD0lMMFhNR8J6Suuaub2C22+javvtXbdPtUkhcMT7ohyfM33YHHEzhMQEjNcz6Wb8PyySR1fGrKVsG2+Ih3bZJXT9mJ5xA4SEBIzXM26mNefdxbbOcn+dtEivEFxtckuWLifjyNwEoBITW/wag7HNQ3cott01MOxmLLJ4E+6JC7JcxP2oq3IiCktsK4Uzv5TpJHDxXX9XmvSfKNiSsYHzSvfT144n48jcCBAkJqXsPxoiSfGC35FUk+OpHgoUl+NHruu5K8aeK+PI2AkDID/xUYHzCv+5Av7gM1hWf8rd4fh2/4pr4jm/L6njMTAe+kZtLoYZnj26oc51jU8jlWb0vy5nlRWu1pCQip05I++9epy13q27fFVtfY1bV2m271Y6D1EXF8W5c6T+ozm+7I4wmsIyCk1lHaj8eMD3LXpS91CcyUbfkcq+Psa8rre87MBITUfBo+PjdqyjV6JVW3Fn5HkscMbHVP81cl+cp8GK30tAWE1GmLn83rPTBJnSKw2Kb2ffmXZKaG3dkoeNWdFJg6rDu52BkXPf6INvXHEpYPll+ZpH5E1EbgRAWE1Inyttn5h4aPZVVQfex75ITKPji6Lq8uoXn2MU4CnfDynjJXASE1j87XN2/PG5b6geHGdpuuvH61+C7Dk45z+sKmr+vxMxcQUvMYgPH5US9duhvnUQJ1sLzukLD4VWOXvxwl5t+3KiCktsrZdmd1dvk9h+o2vRRm/DGvdlG3Zak7cNoInIqAkDoV5jN/kZ8mqTsU1LbJeU3LdzlwsPzMWzm/AoTUPHo+/kWXryV56hrLXg6oHyZ5vYPla8h5yFYFhNRWOdvurH6J+JlDdV9K8qwjKq3jUO8Z3Rivvs17nHtFte3vXhcmpPa6vf9b3DuTvHH4v3VuqbJ8507f5s1jTlquUki1bMvWi7o1yd2GvdbtVJ50wCvUO6i6R/n44uFNjmFtvXA7JCCk5jED45D6TZKLVix7VUBVoNW7KPeJmsectFylkGrZlq0XNQ6p2vldk9TJmYutAurDSe4/+ltd8lLf5tkInKmAkDpT/lN78fFtWupFv5Dk0uHVK6Bem+SSUTX1Ea8upfEO6tRa5IUOEhBS85iNpyW5cbTUXyZ5wNLthBf/fHOSVwqoeQzGLqxSSO1Cl45f4wVJfjI6eF57rHdJ9S5qvNVPrV8noI4Pbg/bExBS27PsvqflO2ou11uhVR8Bx8equq9JfTMQEFIzaPJoibcc8Asx1w8/deUY1LzmYSdWK6R2ok3HLrJusVI/xHDVAXuq86YE1LGZ7eAkBITUSaj22mcdj3r/0gmayxX+M8nbhwPpvapXzewFhNT+jkCFU92WZdW7p7p1y71WLN3lL/s7Dzu7MiG1s607sPD6xu7iJJclOX/Fo+qn0Ov6vXrcTSv+3Uzs30zs9IoM5E637/+Kr9Cps8TPO+Cyl/r5qQuXlrvqGz8zsT8zsRcrMZC73cZzkzwlyeUrznkar6zeOdV9pFYdHB8HlY97uz0Pe1m9kNrtttbHteUTMscrqvuR1wHxG3Z7maqfs4CQ2t3uvzfJFQeU/4/huFO9S7IR2GkBIbWb7TvooHetpj7SXe2nz3ezsaq+rYCQ2s2pWBVSv0pybZJrdnNJqiawWkBI7e5k1M+e1zd5td3BO6fdbaTKDxcQUiaEAIHWAkKqdXsUR4CAkDIDBAi0FhBSrdujOAIEhJQZIECgtYCQat0exREgIKTMAAECrQWEVOv2KI4AASFlBggQaC0gpFq3R3EECAgpM0CAQGsBIdW6PYojQEBImQECBFoLCKnW7VEcAQJCygwQINBaQEi1bo/iCBAQUmaAAIHWAkKqdXsUR4CAkDIDBAi0FhBSrdujOAIEhJQZIECgtYCQat0exREgIKTMAAECrQWEVOv2KI4AASFlBggQaC0gpFq3R3EECAgpM0CAQGsBIdW6PYojQEBImQECBFoLCKnW7VEcAQJCygwQINBaQEi1bo/iCBAQUmaAAIHWAkKqdXsUR4CAkDIDBAi0FhBSrdujOAIEhJQZIECgtYCQat0exREgIKTMAAECrQWEVOv2KI4AASFlBggQaC0gpFq3R3EECAgpM0CAQGsBIdW6PYojQEBImQECBFoLCKnW7VEcAQJCygwQINBaQEi1bo/iCBAQUmaAAIHWAkKqdXsUR4CAkDIDBAi0FhBSrdujOAIEhJQZIECgtYCQat0exREgIKTMAAECrQWEVOv2KI4AASFlBggQaC0gpFq3R3EECAgpM0CAQGsBIdW6PYojQEBImQECBFoLCKnW7VEcAQJCygwQINBaQEi1bo/iCBAQUmaAAIHWAkKqdXsUR4CAkDIDBAi0FhBSrdujOAIEhJQZIECgtYCQat0exREgIKTMAAECrQWEVOv2KI4AASFlBggQaC0gpFq3R3EECAgpM0CAQGsBIdW6PYojQEBImQECBFoLCKnW7VEcAQJCygwQINBaQEi1bo/iCBAQUmaAAIHWAkKqdXsUR4CAkDIDBAi0FhBSrdujOAIEhJQZIECgtYCQat0exREgIKTMAAECrQWEVOv2KI4AASFlBggQaC0gpFq3R3EECAgpM0CAQGsBIdW6PYojQEBImQECBFoLCKnW7VEcAQJCygwQINBaQEi1bo/iCBAQUmaAAIHWAv8BS9bZxxzlG/EAAAAASUVORK5CYII=', '2021-07-16 22:52:13', '50', '2021-07-16 22:51:58', '50', NULL, NULL, NULL, NULL);
/*!40000 ALTER TABLE `trnrefund` ENABLE KEYS */;

-- Dumping structure for table proxis_db.users
DROP TABLE IF EXISTS `users`;
CREATE TABLE IF NOT EXISTS `users` (
  `id` int(11) unsigned NOT NULL AUTO_INCREMENT,
  `name` varchar(50) DEFAULT NULL,
  `username` varchar(11) DEFAULT NULL,
  `email` varchar(100) DEFAULT NULL,
  `password` varchar(100) DEFAULT NULL,
  `role` int(1) DEFAULT NULL,
  `JabatanId` int(10) DEFAULT NULL,
  `TtdHard` text DEFAULT NULL,
  `createBy` int(11) DEFAULT NULL,
  `createDate` timestamp NULL DEFAULT NULL,
  `modifDate` datetime DEFAULT NULL,
  `modifBy` int(11) DEFAULT NULL,
  `activation` enum('Active','Freeze','Banned') DEFAULT 'Active',
  `CreatedDate` datetime DEFAULT NULL,
  `CreatedByUserId` varchar(50) DEFAULT NULL,
  `LastChangedDate` datetime DEFAULT NULL,
  `LastChangedByUserId` varchar(50) DEFAULT NULL,
  `DeletedDate` datetime DEFAULT NULL,
  `DeletedUserId` varchar(50) DEFAULT NULL,
  `EmailLast` varchar(100) DEFAULT NULL,
  PRIMARY KEY (`id`)
) ENGINE=InnoDB AUTO_INCREMENT=52 DEFAULT CHARSET=utf8;

-- Dumping data for table proxis_db.users: ~10 rows (approximately)
DELETE FROM `users`;
/*!40000 ALTER TABLE `users` DISABLE KEYS */;
INSERT INTO `users` (`id`, `name`, `username`, `email`, `password`, `role`, `JabatanId`, `TtdHard`, `createBy`, `createDate`, `modifDate`, `modifBy`, `activation`, `CreatedDate`, `CreatedByUserId`, `LastChangedDate`, `LastChangedByUserId`, `DeletedDate`, `DeletedUserId`, `EmailLast`) VALUES
	(1, 'Administrator', 'admin', 'admin@mailinator.com', '21232f297a57a5a743894a0e4a801fc3', 1, 10, NULL, 1, '2017-02-13 10:37:27', NULL, NULL, 'Active', '2017-06-01 00:00:00', NULL, '2021-07-16 21:57:48', '1', NULL, NULL, 'abcd'),
	(32, 'Deri Mardiana', 'deri', 'admin@mailinator.com', '21232f297a57a5a743894a0e4a801fc3', 2, 99, NULL, NULL, NULL, NULL, NULL, 'Active', '2017-06-13 15:15:25', '1', '2021-07-16 21:54:30', '1', '2021-07-16 22:21:42', '1', NULL),
	(33, 'Toni Riswandi', 'toni', 'admin@mailinator.com', '21232f297a57a5a743894a0e4a801fc3', 2, 11, NULL, NULL, NULL, NULL, NULL, 'Active', '2017-06-13 15:16:23', '1', '2021-07-16 21:54:07', '1', NULL, NULL, NULL),
	(45, 'Abdul Harits', 'harits', 'admin@mailinator.com', '21232f297a57a5a743894a0e4a801fc3', 2, 100, NULL, NULL, NULL, NULL, NULL, 'Active', '2017-06-22 15:36:06', '1', '2021-07-16 21:53:40', '1', NULL, NULL, NULL),
	(46, 'Agus Aris', 'agus', 'admin@mailinator.com', '21232f297a57a5a743894a0e4a801fc3', 2, 101, NULL, NULL, NULL, NULL, NULL, 'Active', '2017-06-22 15:44:59', '1', '2021-07-16 21:52:47', '1', NULL, NULL, NULL),
	(47, 'Abdul Karim', 'karim', 'admin@mailinator.com', '21232f297a57a5a743894a0e4a801fc3', 2, 101, NULL, NULL, NULL, NULL, NULL, 'Active', '2017-06-22 15:45:32', '1', '2021-07-16 21:52:18', '1', NULL, NULL, NULL),
	(48, 'Mukromin ALfian', 'mukromin', 'admin@mailinator.com', '21232f297a57a5a743894a0e4a801fc3', 2, 101, NULL, NULL, NULL, NULL, NULL, 'Active', '2017-06-22 17:06:25', '1', '2021-07-16 21:51:37', '1', NULL, NULL, NULL),
	(49, 'Dani Sadikin', 'dani', 'admin@mailinator.com', '21232f297a57a5a743894a0e4a801fc3', 2, 101, NULL, NULL, NULL, NULL, NULL, 'Active', '2017-06-22 19:57:17', '1', '2021-07-16 21:51:00', '1', NULL, NULL, NULL),
	(50, 'Suratman', 'suratman', 'admin@mailinator.com', '21232f297a57a5a743894a0e4a801fc3', 2, 101, NULL, NULL, NULL, NULL, NULL, 'Active', '2017-06-22 19:57:55', '1', '2021-07-16 21:50:31', '1', NULL, NULL, NULL),
	(51, 'Syarhul Huda', 'huda', 'admin@administrator.com', '21232f297a57a5a743894a0e4a801fc3', 2, 10, NULL, NULL, NULL, NULL, NULL, 'Active', '2021-07-16 22:01:24', '1', NULL, NULL, NULL, NULL, NULL);
/*!40000 ALTER TABLE `users` ENABLE KEYS */;

/*!40101 SET SQL_MODE=IFNULL(@OLD_SQL_MODE, '') */;
/*!40014 SET FOREIGN_KEY_CHECKS=IFNULL(@OLD_FOREIGN_KEY_CHECKS, 1) */;
/*!40101 SET CHARACTER_SET_CLIENT=@OLD_CHARACTER_SET_CLIENT */;
/*!40111 SET SQL_NOTES=IFNULL(@OLD_SQL_NOTES, 1) */;
